"38","Extraccion","2","2015-01-02",\N,"1000","2015-01-17 17:48:06","5910",\N,\N,\N,\N,\N,\N
"39","Mapfre Argentina","2","2015-01-02",\N,"826","2015-01-17 17:49:32","3944",\N,\N,\N,\N,\N,\N
"40","Sueldo+SAC  Marcelo","2","2015-01-02",\N,"7892","2015-01-17 17:52:35","226",\N,\N,\N,\N,\N,\N
"41","Sueldo+SAC DDR","2","2015-01-02",\N,"21000","2015-01-17 17:53:31","175",\N,\N,\N,\N,\N,\N
"42","Sueldo+SAC  Jose","2","2015-01-02",\N,"12008","2015-01-17 17:54:25","226",\N,\N,\N,\N,\N,\N
"43","Sueldo+SAC GS","2","2015-01-02",\N,"14695","2015-01-17 17:55:14","226",\N,\N,\N,\N,\N,\N
"44","Sueldo+SAC RB","2","2015-01-02",\N,"9745","2015-01-17 17:56:04","2147483647",\N,\N,\N,\N,\N,\N
"45","Extraccion","1","2015-01-02","278924",\N,"2015-01-18 12:00:13","5910",\N,\N,\N,\N,\N,\N
"46","Pago Cci 24hs Gravada Interbanking  - A Cbu 0170179740000030112261 ","2","2015-01-02",\N,"342.17","2015-01-18 10:43:58","40967",\N,\N,\N,\N,\N,\N
"47","Imp Ley 25413 Deb 0,6% ","2","2015-01-02",\N,"405.06","2015-01-18 10:44:58","29590",\N,\N,\N,\N,\N,\N
"49","Clearing Recibido 48 Hs","2","2015-01-02",\N,"3033.99","2015-01-18 10:46:44","78528232",\N,\N,\N,\N,\N,\N
"50","Prosegur Activa 47625 -938,31","2","2015-01-02",\N,"938.31","2015-01-18 10:49:07","78481",\N,\N,\N,\N,\N,\N
"51","Pago Electronico de Servicios Movistar 0100134754167","2","2015-01-05",\N,"6766.46","2015-01-18 11:24:37","425395",\N,\N,\N,\N,\N,\N
"52","Caja Chica","2","2015-01-05",\N,"4000","2015-01-18 11:25:44","10001",\N,\N,\N,\N,\N,\N
"53","Imp Ley 25413 Deb 0.6%","2","2015-01-05",\N,"88.43","2015-01-18 11:27:12","29598",\N,\N,\N,\N,\N,\N
"54","RVG","2","2015-01-06",\N,"23000","2015-01-20 12:19:02","78528237",\N,\N,\N,\N,\N,\N
"55","Direcci√≥n Gral D 6499407","2","2015-01-06",\N,"594.71","2015-01-18 11:30:13","57883",\N,\N,\N,\N,\N,\N
"56","Imp Ley 25413 Deb 0.6%","2","2015-01-06",\N,"141.57","2015-01-18 11:31:45","29598",\N,\N,\N,\N,\N,\N
"57","Amex","2","2015-01-07",\N,"13500","2015-01-18 11:32:33","78528240",\N,\N,\N,\N,\N,\N
"58","Cablevision ","2","2015-01-07",\N,"1494.36","2015-01-18 11:34:48","316069",\N,\N,\N,\N,\N,\N
"59","Vittal E833943","2","2015-01-07",\N,"117.7","2015-01-18 11:35:36","324210",\N,\N,\N,\N,\N,\N
"60","Sueldo + SAC AV","2","2015-01-07",\N,"15799.5","2015-01-18 11:36:31","3213311",\N,\N,\N,\N,\N,\N
"61","Imp Ley 25413 Deb 0.6%","2","2015-01-07",\N,"185.48","2015-01-18 11:37:30","29603",\N,\N,\N,\N,\N,\N
"62","Cheque","2","2015-01-08",\N,"1459.56","2015-01-18 11:38:19","78528238",\N,\N,\N,\N,\N,\N
"63","Solmec","2","2015-01-08",\N,"1197.9","2015-01-18 11:39:07","21419",\N,\N,\N,\N,\N,\N
"64","Telefonica","2","2015-01-08",\N,"162.2","2015-01-18 11:39:40","23013",\N,\N,\N,\N,\N,\N
"65","Telefonica","2","2015-01-08",\N,"802.67","2015-01-18 11:40:16","23053",\N,\N,\N,\N,\N,\N
"66","Imp Ley 25413 Deb 0.6%","2","2015-01-08",\N,"21.74","2015-01-18 11:41:52","29608",\N,\N,\N,\N,\N,\N
"67","Cheque","2","2015-01-12",\N,"4897.06","2015-01-18 11:42:50","78528221",\N,\N,\N,\N,\N,\N
"68","Caja Chica","2","2015-01-12",\N,"4000","2015-01-18 11:43:37","78528244",\N,\N,\N,\N,\N,\N
"69","Imp Ley 25413 Deb 0.6%","2","2015-01-12",\N,"53.38","2015-01-18 11:44:42","29611",\N,\N,\N,\N,\N,\N
"70","Cheque Distribuidora Rio","1","2015-01-13","6052.86",\N,"2015-01-18 11:46:17","14000021",\N,\N,\N,\N,\N,\N
"71","Comision Procesamiento Ch Dep Cfu","2","2015-01-13",\N,"31.78","2015-01-18 11:47:04","29613",\N,\N,\N,\N,\N,\N
"72","Iva Tasa General","2","2015-01-13",\N,"6.67","2015-01-18 11:47:55","29614",\N,\N,\N,\N,\N,\N
"73","Imp Ley 25413 Deb 0.6%","2","2015-01-13",\N,"36.32","2015-01-18 11:48:46","29615",\N,\N,\N,\N,\N,\N
"74","Imp Ley 25413 Deb 0.6%","2","2015-01-13",\N,"0.23","2015-01-18 11:49:43","29616",\N,\N,\N,\N,\N,\N
"75","Regimen De Recaudacion Sincreb Z ","2","2015-01-13",\N,"302.64","2015-01-18 11:51:21","29618",\N,\N,\N,\N,\N,\N
"76","Cheque","2","2015-01-14",\N,"725.77","2015-01-18 11:51:56","78528224",\N,\N,\N,\N,\N,\N
"77","Comision Envio inf \"c\" 4469","2","2015-01-14",\N,"327.4","2015-01-18 11:52:40","29619",\N,\N,\N,\N,\N,\N
"78","Imp Ley 25413 Deb 0.6%","2","2015-01-14",\N,"8.13","2015-01-18 11:53:20","29620",\N,\N,\N,\N,\N,\N
"79","Computadoras Repuestos","2","2015-01-15",\N,"1150","2015-01-18 11:54:02","5204",\N,\N,\N,\N,\N,\N
"80","Almuerzo AOYPF","2","2015-01-15",\N,"808.2","2015-01-18 11:54:34","5263",\N,\N,\N,\N,\N,\N
"81","Cheque","2","2015-01-15",\N,"4174.5","2015-01-18 11:55:15","78528247",\N,\N,\N,\N,\N,\N
"82","Imp Ley 25413 Deb 0.6%","2","2015-01-15",\N,"36.8","2015-01-18 11:55:56","29624",\N,\N,\N,\N,\N,\N
"83","AFIP ","2","2015-01-16",\N,"4083.38","2015-01-18 11:56:28","65521",\N,\N,\N,\N,\N,\N
"84","AFIP","2","2015-01-16",\N,"30746.3","2015-01-18 11:56:55","65522",\N,\N,\N,\N,\N,\N
"85","Imp Ley 25413 Deb 0.6%","2","2015-01-16",\N,"208.98","2015-01-18 11:57:41","29627",\N,\N,\N,\N,\N,\N
"86","RVG","2","2015-01-19",\N,"30000","2015-01-18 11:58:27","78528225",\N,\N,\N,\N,\N,\N
"87","Extraccion","1","2015-01-01","1000","1000","2015-01-18 12:01:10","5910",\N,\N,\N,\N,\N,\N
"88","ZALOZE","2","2015-02-06",\N,"1642.1","2015-02-08 19:55:40","0",\N,\N,\N,\N,\N,"1"
"92","ENDURECIDO","2","2015-01-13",\N,"726","2015-01-19 09:49:37","0",\N,\N,\N,\N,\N,\N
"93","BOLITAS","2","2015-01-29",\N,"5644.65","2015-01-19 09:52:08","0",\N,\N,\N,\N,\N,\N
"94","LIT ALUMINIO","2","2015-01-20",\N,"6951.92","2015-02-07 08:35:00","78528243",\N,\N,\N,\N,\N,\N
"97","MATAFUEGOS","2","2015-01-29",\N,"1701","2015-01-20 17:15:05","78528252",\N,\N,\N,\N,\N,\N
"99","Imp Ley 25413 Deb 0.6%","2","2015-01-19",\N,"180","2015-01-21 12:25:23","0",\N,\N,\N,\N,\N,\N
"100","NO SE","2","2015-01-20",\N,"2359.5","2015-01-21 12:28:18","78528225",\N,\N,\N,\N,\N,\N
"101","Prosegur","2","2015-01-20",\N,"954","2015-01-21 12:29:30","21981",\N,\N,\N,"4","30",\N
"102","Prosegur","2","2015-02-20",\N,"954","2015-01-21 12:29:30","21981",\N,\N,\N,"4","29",\N
"103","Prosegur","2","2015-03-20",\N,"954","2015-01-21 12:29:30","21981",\N,\N,\N,"4","28",\N
"104","Prosegur","2","2015-04-20",\N,"954","2015-01-21 12:29:30","21981",\N,\N,\N,"4","27",\N
"105","Prosegur","2","2015-05-04",\N,"954","2015-05-04 10:05:37","21981",\N,\N,\N,"4","26","0"
"106","Prosegur","2","2015-06-01",\N,"938.31","2015-06-01 10:00:01","21981",\N,\N,\N,"4","25","0"
"107","Prosegur","2","2015-07-20",\N,"954","2015-01-21 12:29:30","21981",\N,\N,\N,"4","24",\N
"108","Prosegur","2","2015-08-20",\N,"954","2015-01-21 12:29:30","21981",\N,\N,\N,"4","23",\N
"109","Prosegur","2","2015-09-20",\N,"954","2015-01-21 12:29:30","21981",\N,\N,\N,"4","22",\N
"110","Prosegur","2","2015-10-20",\N,"954","2015-01-21 12:29:30","21981",\N,\N,\N,"4","21",\N
"111","Prosegur","2","2015-11-20",\N,"954","2015-01-21 12:29:30","21981",\N,\N,\N,"4","20",\N
"112","Prosegur","2","2015-12-20",\N,"954","2015-01-21 12:29:30","21981",\N,\N,\N,"4","19",\N
"113","Prosegur","2","2016-01-20",\N,"954","2015-01-21 12:29:30","21981",\N,\N,\N,"4","18",\N
"114","Prosegur","2","2016-02-20",\N,"954","2015-01-21 12:29:30","21981",\N,\N,\N,"4","17",\N
"115","Prosegur","2","2016-03-20",\N,"954","2015-01-21 12:29:30","21981",\N,\N,\N,"4","16",\N
"116","Prosegur","2","2016-04-20",\N,"954","2015-01-21 12:29:30","21981",\N,\N,\N,"4","15",\N
"117","Prosegur","2","2016-05-20",\N,"954","2015-01-21 12:29:30","21981",\N,\N,\N,"4","14",\N
"118","Prosegur","2","2016-06-20",\N,"954","2015-01-21 12:29:30","21981",\N,\N,\N,"4","13",\N
"119","Prosegur","2","2016-07-20",\N,"954","2015-01-21 12:29:30","21981",\N,\N,\N,"4","12",\N
"120","Prosegur","2","2016-08-20",\N,"954","2015-01-21 12:29:30","21981",\N,\N,\N,"4","11",\N
"121","Prosegur","2","2016-09-20",\N,"954","2015-01-21 12:29:30","21981",\N,\N,\N,"4","10",\N
"122","Prosegur","2","2016-10-20",\N,"954","2015-01-21 12:29:30","21981",\N,\N,\N,"4","9",\N
"123","Prosegur","2","2016-11-20",\N,"954","2015-01-21 12:29:30","21981",\N,\N,\N,"4","8",\N
"124","Prosegur","2","2016-12-20",\N,"954","2015-01-21 12:29:30","21981",\N,\N,\N,"4","7",\N
"125","Prosegur","2","2017-01-20",\N,"954","2015-01-21 12:29:30","21981",\N,\N,\N,"4","6",\N
"126","Prosegur","2","2017-02-20",\N,"954","2015-01-21 12:29:30","21981",\N,\N,\N,"4","5",\N
"127","Prosegur","2","2017-03-20",\N,"954","2015-01-21 12:29:30","21981",\N,\N,\N,"4","4",\N
"128","Prosegur","2","2017-04-20",\N,"954","2015-01-21 12:29:30","21981",\N,\N,\N,"4","3",\N
"129","Prosegur","2","2017-05-20",\N,"954","2015-01-21 12:29:30","21981",\N,\N,\N,"4","2",\N
"130","Prosegur","2","2017-06-20",\N,"954","2015-01-21 12:29:30","21981",\N,\N,\N,"4","1",\N
"131","Abogada","2","2015-01-20",\N,"2079","2015-01-21 12:31:07","7745964",\N,\N,\N,\N,\N,\N
"132","Chiazza","1","2015-01-20","3496.9",\N,"2015-01-21 12:32:50","999540",\N,\N,\N,\N,\N,\N
"133","Imp Ley 25413 Deb 06%","2","2015-01-20",\N,"74.07","2015-01-21 12:34:16","4633",\N,\N,\N,\N,\N,\N
"134","Imp Ley 25413 Deb 0.6%","2","2015-01-20",\N,"20.98","2015-01-21 12:35:29","29636",\N,\N,\N,\N,\N,\N
"135","Garcia","2","2015-02-20",\N,"5000","2015-02-23 10:27:36","78528253",\N,\N,\N,\N,\N,"1"
"136","Garcia","2","2015-02-20",\N,"5000","2015-01-21 12:41:43","78528254",\N,\N,\N,\N,\N,\N
"137","Garcia","2","2015-02-20",\N,"5000","2015-01-21 12:42:10","78528255",\N,\N,\N,\N,\N,\N
"138","cheque","2","2015-01-21",\N,"2000","2015-01-21 15:17:08","78528229",\N,\N,\N,\N,\N,\N
"139","Sircreb","2","2015-01-20",\N,"174.85","2015-01-22 10:48:59","29639",\N,\N,\N,\N,\N,\N
"140","AOM  Bunge","2","2015-01-22",\N,"3000","2015-01-22 10:47:32","0",\N,\N,\N,\N,\N,\N
"141","ARGENTINA CARGO","2","1915-02-21",\N,"10000","2015-01-22 12:12:25","3912691",\N,\N,\N,\N,\N,\N
"142","Argentina cargo","2","2015-01-22",\N,"10000","2015-01-23 09:36:44","0",\N,\N,\N,\N,\N,\N
"143","Imp Ley 25413 Cred 0.6%","2","2015-01-21",\N,"57.17","2015-01-23 17:41:47","0",\N,\N,\N,\N,\N,\N
"144","Imp Ley 25413 Cred 0.6%","2","2015-01-22",\N,"41.36","2015-01-23 17:42:28","0",\N,\N,\N,\N,\N,\N
"145","Regimen De Recaudacion Sicreb Z ","2","2015-01-21",\N,"476.45","2015-01-23 17:43:32","0",\N,\N,\N,\N,\N,\N
"146","Imp Ley 25413 Deb 0.6%","2","2015-01-22",\N,"80.86","2015-01-23 17:44:15","0",\N,\N,\N,\N,\N,\N
"147","Caja Chica","2","2015-01-23",\N,"3000","2015-01-23 17:45:08","0",\N,\N,\N,\N,\N,\N
"148","Telmex","2","2015-01-23",\N,"24.68","2015-01-23 17:45:49","0",\N,\N,\N,\N,\N,\N
"149","Losi","1","2015-01-23","1153.04",\N,"2015-01-23 17:46:38","0",\N,\N,\N,\N,\N,\N
"150","mariela","2","2015-01-21",\N,"4719","2015-01-23 18:00:39","0",\N,\N,\N,\N,\N,\N
"152","Caja Chica","2","2015-01-26",\N,"4000","2015-01-27 08:48:33","0",\N,\N,\N,\N,\N,\N
"158","SUELDO RAUL ","2","2015-02-03",\N,"17644.1","2015-02-03 16:44:02","3213311",\N,\N,\N,"5","10",\N
"159","SUELDO RAUL ","2","2015-03-03",\N,"14305","2015-03-05 14:03:29","3213311",\N,\N,\N,"5","9","1"
"160","SUELDO RAUL ","2","2015-04-03",\N,"14305.7","2015-03-31 09:59:56","3213311",\N,\N,\N,"5","8","0"
"161","SUELDO RAUL ","2","2015-04-29",\N,"14305.7","2015-04-29 18:16:17","3213311",\N,\N,\N,"5","7","0"
"162","SUELDO RAUL ","2","2015-06-02",\N,"19170.3","2015-06-04 11:05:16","3213311",\N,\N,\N,"5","6","0"
"163","SUELDO RAUL ","2","2015-07-03",\N,"25107.9","2015-06-30 16:01:24","3213311",\N,\N,\N,"5","5","0"
"164","SUELDO RAUL ","2","2015-08-03",\N,"17644.1","2015-02-03 16:44:02","3213311",\N,\N,\N,"5","4",\N
"165","SUELDO RAUL ","2","2015-09-03",\N,"17644.1","2015-02-03 16:44:02","3213311",\N,\N,\N,"5","3",\N
"166","SUELDO RAUL ","2","2015-10-03",\N,"17644.1","2015-02-03 16:44:02","3213311",\N,\N,\N,"5","2",\N
"167","SUELDO RAUL ","2","2015-11-03",\N,"17644.1","2015-02-03 16:44:02","3213311",\N,\N,\N,"5","1",\N
"168","SUELDO JOSE ","2","2015-02-03",\N,"9006.08","2015-02-03 16:44:41","3213311",\N,\N,\N,"6","10",\N
"169","SUELDO JOSE ","2","2015-03-03",\N,"7899.81","2015-02-27 12:58:54","3213311",\N,\N,\N,"6","9","1"
"170","SUELDO JOSE ","2","2015-04-03",\N,"7899.81","2015-03-31 09:55:47","3213311",\N,\N,\N,"6","8","0"
"171","SUELDO JOSE ","2","2015-04-29",\N,"7899.81","2015-04-29 17:04:01","3213311",\N,\N,\N,"6","7","0"
"172","SUELDO JOSE ","2","2015-06-02",\N,"10516.4","2015-06-04 11:05:35","3213311",\N,\N,\N,"6","6","0"
"173","SUELDO JOSE ","2","2015-07-03",\N,"13795.7","2015-06-30 16:02:23","3213311",\N,\N,\N,"6","5","0"
"174","SUELDO JOSE ","2","2015-08-03",\N,"9006.08","2015-02-03 16:44:41","3213311",\N,\N,\N,"6","4",\N
"175","SUELDO JOSE ","2","2015-09-03",\N,"9006.08","2015-02-03 16:44:41","3213311",\N,\N,\N,"6","3",\N
"176","SUELDO JOSE ","2","2015-10-03",\N,"9006.08","2015-02-03 16:44:41","3213311",\N,\N,\N,"6","2",\N
"177","SUELDO JOSE ","2","2015-11-03",\N,"9006.08","2015-02-03 16:44:41","3213311",\N,\N,\N,"6","1",\N
"178","SUELDO DIEGO","2","2015-02-03",\N,"15306.7","2015-02-03 16:45:28","3213311",\N,\N,\N,"7","10",\N
"179","SUELDO DIEGO","2","2015-03-03",\N,"14000","2015-02-23 12:25:00","3213311",\N,\N,\N,"7","9","0"
"180","SUELDO DIEGO","2","2015-04-03",\N,"14000","2015-03-31 09:57:04","3213311",\N,\N,\N,"7","8","0"
"181","SUELDO DIEGO","2","2015-04-29",\N,"14000","2015-04-29 18:16:56","3213311",\N,\N,\N,"7","7","0"
"182","SUELDO DIEGO","2","2015-06-02",\N,"14000","2015-06-04 11:05:54","3213311",\N,\N,\N,"7","6","0"
"183","SUELDO DIEGO","2","2015-07-03",\N,"24750","2015-06-16 16:21:08","3213311",\N,\N,\N,"7","5","0"
"184","SUELDO DIEGO","2","2015-08-03",\N,"15306.7","2015-02-03 16:45:28","3213311",\N,\N,\N,"7","4",\N
"185","SUELDO DIEGO","2","2015-09-03",\N,"15306.7","2015-02-03 16:45:28","3213311",\N,\N,\N,"7","3",\N
"186","SUELDO DIEGO","2","2015-10-03",\N,"15306.7","2015-02-03 16:45:28","3213311",\N,\N,\N,"7","2",\N
"187","SUELDO DIEGO","2","2015-11-03",\N,"15306.7","2015-02-03 16:45:28","3213311",\N,\N,\N,"7","1",\N
"188","SUELDO MARCELO","2","2015-02-03",\N,"5571.87","2015-02-03 16:46:08","3213311",\N,\N,\N,"8","10",\N
"189","SUELDO MARCELO","2","2015-03-03",\N,"5201.4","2015-02-27 12:58:18","3213311",\N,\N,\N,"8","9","1"
"190","SUELDO MARCELO","2","2015-04-03",\N,"5201.4","2015-03-31 09:57:46","3213311",\N,\N,\N,"8","8","0"
"191","SUELDO MARCELO","2","2015-04-29",\N,"5201.4","2015-04-29 17:01:23","3213311",\N,\N,\N,"8","7","0"
"192","SUELDO MARCELO","2","2015-06-02",\N,"6948.69","2015-06-04 11:06:16","3213311",\N,\N,\N,"8","6","0"
"193","SUELDO MARCELO","2","2015-07-03",\N,"9059.96","2015-06-30 16:02:46","3213311",\N,\N,\N,"8","5","0"
"194","SUELDO MARCELO","2","2015-08-03",\N,"5571.87","2015-02-03 16:46:08","3213311",\N,\N,\N,"8","4",\N
"195","SUELDO MARCELO","2","2015-09-03",\N,"5571.87","2015-02-03 16:46:08","3213311",\N,\N,\N,"8","3",\N
"196","SUELDO MARCELO","2","2015-10-03",\N,"5571.87","2015-02-03 16:46:08","3213311",\N,\N,\N,"8","2",\N
"197","SUELDO MARCELO","2","2015-11-03",\N,"5571.87","2015-02-03 16:46:08","3213311",\N,\N,\N,"8","1",\N
"198","SUELDO GABRIEL","2","2015-02-03",\N,"25567.2","2015-02-03 16:48:49","3213311",\N,\N,\N,\N,\N,\N
"199","ROTHAR SISTEMA CUOTA 1","2","2015-02-03",\N,"3500","2015-02-03 16:50:33","31242",\N,\N,\N,\N,\N,\N
"200","MORI","2","2015-02-03",\N,"6500","2015-02-03 16:51:00","31258",\N,\N,\N,\N,\N,\N
"201","Cheque","1","2015-02-05","6130.78",\N,"2015-02-11 10:46:39","39500012",\N,\N,\N,\N,\N,"0"
"202","Clearing Recibido 48 Hs ","2","2015-01-29",\N,"32713.8","2015-02-07 10:19:31","78528234",\N,\N,\N,\N,\N,\N
"203","Imp Ley 25413 Deb 0,6% ","2","2015-02-06",\N,"15.6","2015-02-07 18:00:44","0",\N,\N,\N,\N,\N,\N
"205","Imp Ley 25413 Deb 0,6% ","2","2015-02-06",\N,"35.54","2015-02-07 18:01:50","0",\N,\N,\N,\N,\N,\N
"206","Direccion Gral D 6499407 ","2","2015-02-06",\N,"594.71","2015-02-07 18:02:46","0",\N,\N,\N,\N,\N,\N
"207","Iva Tasa General","2","2015-02-06",\N,"9.63","2015-02-07 18:03:19","0",\N,\N,\N,\N,\N,\N
"208","Comision Procesamiento Ch Dep Cfu ","2","2015-02-06",\N,"45.87","2015-02-07 18:04:02","0",\N,\N,\N,\N,\N,\N
"210","Valor Al Cobro Comp Elect Otra Loc ","1","2015-02-06","5923.38",\N,"2015-02-07 18:11:07","0",\N,\N,\N,\N,\N,\N
"211","Regimen De Recaudacion Sircreb Z  - 30554497647 ","2","2015-02-05",\N,"306.54","2015-02-07 18:12:41","0",\N,\N,\N,\N,\N,\N
"212","Imp Ley 25413 Cred 0,6% ","2","2015-02-05",\N,"36.78","2015-02-07 18:16:34","0",\N,\N,\N,\N,\N,\N
"213","Imp Ley 25413 Cred 0,6% ","2","2015-02-05",\N,"0.73","2015-02-07 18:17:13","0",\N,\N,\N,\N,\N,\N
"214","Vittal E833943 ","2","2015-02-05",\N,"121.23","2015-02-07 18:18:34","0",\N,\N,\N,\N,\N,\N
"215","Imp Ley 25413 Deb 0,6% ","2","2015-02-04",\N,"69.56","2015-02-07 18:19:39","0",\N,\N,\N,\N,\N,\N
"216","Staples Noviembre","2","2015-02-04",\N,"1652.83","2015-02-07 18:22:33","0",\N,\N,\N,\N,\N,\N
"217","Telefonica","2","2015-02-04",\N,"859.24","2015-02-07 18:42:39","0",\N,\N,\N,\N,\N,\N
"218","Solmec","2","2015-02-04",\N,"2577.3","2015-02-07 18:43:19","0",\N,\N,\N,\N,\N,\N
"219","Chubb","2","2015-02-04",\N,"369.13","2015-02-07 18:45:26","0",\N,\N,\N,\N,\N,\N
"220","Sueldo Manuel","2","2015-02-03",\N,"4000","2015-02-07 18:46:07","0",\N,\N,\N,\N,\N,\N
"221","Cablevision S.a 69826302 ","2","2015-02-04",\N,"1494.36","2015-02-07 18:48:25","0",\N,\N,\N,\N,\N,\N
"222","Clearing Recibido 48 Hs ","2","2015-02-03",\N,"639.6","2015-02-07 18:49:15","78528257",\N,\N,\N,\N,\N,\N
"223","Imp Ley 25413 Deb 0,6% ","2","2015-02-03",\N,"548.75","2015-02-07 18:51:14","0",\N,\N,\N,\N,\N,\N
"224","Canje Interno Recibido 24 Hs ","2","2015-02-03",\N,"5644.65","2015-02-07 18:55:13","78528248",\N,\N,\N,\N,\N,\N
"225","Iva Tasa General ","2","2015-02-03",\N,"3.15","2015-02-07 18:56:03","0",\N,\N,\N,\N,\N,\N
"226","Comision Uso De Cajero No Propio ","2","2015-02-03",\N,"15","2015-02-07 18:56:34","0",\N,\N,\N,\N,\N,\N
"227","Regimen De Recaudacion Sircreb Z  - 30554497647","2","2015-02-03",\N,"2370.7","2015-02-07 19:00:57","0",\N,\N,\N,\N,\N,\N
"228","Imp Ley 25413 Cred 0,6% ","2","2015-02-02",\N,"284.48","2015-02-09 10:20:30","0",\N,\N,\N,\N,\N,"1"
"229","Imp Ley 25413 Cred 0,6% ","2","2015-02-02",\N,"68.1","2015-02-07 19:02:17","0",\N,\N,\N,\N,\N,\N
"230","Prosegur Activa 47625 ","2","2015-02-02",\N,"938.31","2015-02-07 19:03:18","0",\N,\N,\N,\N,\N,\N
"231","Metrogas Sa 10783961500 ","2","2015-02-02",\N,"62.15","2015-02-07 19:03:53","0",\N,\N,\N,\N,\N,\N
"232","Mapfre Argentina 610347 ","2","2015-02-02",\N,"826.31","2015-02-07 19:04:43","0",\N,\N,\N,\N,\N,\N
"233","Clearing Recibido 48 Hs","2","2015-02-02",\N,"9522.7","2015-02-07 19:05:57","78528233",\N,\N,\N,\N,\N,\N
"234","Imp Ley 25413 Deb 0,6% ","2","2015-02-02",\N,"210.72","2015-02-07 19:06:31","0",\N,\N,\N,\N,\N,\N
"235","Iva Tasa General  - Mantenimiento Cuentas De Plan Sueldo/honorarios ","2","2015-01-29",\N,"1.26","2015-02-08 09:32:51","0",\N,\N,\N,\N,\N,\N
"237","Comision Por Servicio De Cuenta  - Mantenimiento Cuentas De Plan Sueldo/honorarios ","2","2015-01-29",\N,"6","2015-02-08 09:34:08","0",\N,\N,\N,\N,\N,\N
"238","Iva Tasa General ","2","2015-01-29",\N,"26.88","2015-02-08 09:34:42","0",\N,\N,\N,\N,\N,\N
"239","Percepcion Ingresos Brutos Caba ","2","2015-01-29",\N,"7.68","2015-02-08 09:35:46","0",\N,\N,\N,\N,\N,\N
"240","Comision Movs Mensuales Clearing ","2","2015-01-29",\N,"128","2015-02-08 09:37:44","0",\N,\N,\N,\N,\N,\N
"241","Iva Tasa General ","2","2015-01-29",\N,"88.2","2015-02-08 09:38:24","0",\N,\N,\N,\N,\N,\N
"242","Percepcion Ingresos Brutos Caba ","2","2015-01-29",\N,"25.2","2015-02-08 09:39:17","0",\N,\N,\N,\N,\N,\N
"243","Comision Por Servicio De Cuenta ","2","2015-01-29",\N,"420","2015-02-08 09:40:08","0",\N,\N,\N,\N,\N,\N
"244","Imp Ley 25413 Deb 0,6% ","2","2015-01-29",\N,"21.5","2015-02-08 09:40:38","0",\N,\N,\N,\N,\N,\N
"245","Regimen De Recaudacion Sircreb Z  - 30554497647 ","2","2015-01-29",\N,"3582.6","2015-02-08 09:41:17","0",\N,\N,\N,\N,\N,\N
"246","Imp Ley 25413 Cred 0,6% ","2","2015-01-29",\N,"429.91","2015-02-08 09:41:47","0",\N,\N,\N,\N,\N,\N
"247","Imp Ley 25413 Deb 0,6% ","2","2015-01-27",\N,"4.95","2015-02-08 09:42:31","0",\N,\N,\N,\N,\N,\N
"248","Aysa Sa 280192 ","2","2015-01-27",\N,"345.94","2015-02-08 09:43:07","0",\N,\N,\N,\N,\N,\N
"249","Iva Tasa General ","2","2015-01-27",\N,"79","2015-02-08 09:43:36","0",\N,\N,\N,\N,\N,\N
"250","Percepcion Ingresos Brutos Caba ","2","2015-01-27",\N,"22.57","2015-02-08 09:44:09","0",\N,\N,\N,\N,\N,\N
"251","Comision Procesamiento Ch Dep Cfu ","2","2015-01-27",\N,"376.17","2015-02-08 09:44:53","0",\N,\N,\N,\N,\N,\N
"252","Imp Ley 25413 Deb 0,6% ","2","2015-01-26",\N,"71.18","2015-02-08 09:45:38","0",\N,\N,\N,\N,\N,\N
"254","Canje Interno Recibido 24 Hs ","2","2015-01-26",\N,"909.68","2015-02-08 09:47:20","78528235",\N,\N,\N,\N,\N,\N
"256","Clearing Recibido 48 Hs ","2","2015-01-26",\N,"6950.24","2015-02-08 09:49:10","78528231",\N,\N,\N,\N,\N,\N
"257","Regimen De Recaudacion Sircreb Z  - 30554497647 ","2","2015-01-23",\N,"3.42","2015-02-08 09:50:10","0",\N,\N,\N,\N,\N,\N
"258","Imp Ley 25413 Deb 0,6% ","2","2015-01-23",\N,"18.15","2015-02-08 09:50:57","0",\N,\N,\N,\N,\N,\N
"259","Imp Ley 25413 Deb 0,6% ","2","2015-01-23",\N,"7.33","2015-02-08 09:51:25","0",\N,\N,\N,\N,\N,\N
"260","Pago A Proveedores Recibido  - Hector V Losi Y 30518242888 Fac 165-12868 ","1","2015-01-23","68.32",\N,"2015-02-08 09:51:58","0",\N,\N,\N,\N,\N,\N
"261","Regimen De Recaudacion Sircreb Z  - 30554497647 ","2","2015-02-06",\N,"296.17","2015-02-08 09:53:34","0",\N,\N,\N,\N,\N,\N
"262","AFIP Plan de pagos","2","2015-02-15",\N,"4083.38","2015-02-18 19:25:26","0",\N,\N,\N,\N,\N,"1"
"263","Afip Plan de Pagos","2","2015-02-15",\N,"30746.5","2015-02-11 15:23:06","0",\N,\N,\N,\N,\N,"0"
"264","Cardinal","1","2015-02-09","13831.3",\N,"2015-02-11 10:49:23","0",\N,\N,\N,\N,\N,"1"
"265","Comision Envio Inf \"c\" 4469","2","2015-02-09",\N,"329.91","2015-02-11 10:50:12","0",\N,\N,\N,\N,\N,"1"
"266","Sueldo Veron","2","2015-02-10",\N,"12819.4","2015-02-11 10:50:41","0",\N,\N,\N,\N,\N,"1"
"267","Imp Ley 25413 Cred 0,6% ","2","2015-02-09",\N,"82.99","2015-02-11 10:52:37","0",\N,\N,\N,\N,\N,"1"
"268","Imp Ley 25413 Deb 0,6% ","2","2015-02-09",\N,"3.76","2015-02-11 10:53:57","0",\N,\N,\N,\N,\N,"1"
"269","Amex","2","2015-02-09",\N,"1700","2015-02-11 10:54:34","0",\N,\N,\N,\N,\N,"1"
"270","Bulonera Atlas","2","2015-02-10",\N,"2795.92","2015-02-11 10:58:04","0",\N,\N,\N,\N,\N,"1"
"271","Bomeca","2","2015-02-10",\N,"11858","2015-02-11 10:58:51","0",\N,\N,\N,\N,\N,"1"
"272","Acero Sud","2","2015-02-10",\N,"2841.03","2015-02-11 10:59:33","0",\N,\N,\N,\N,\N,"1"
"273","Sicreb","2","2015-02-11",\N,"691.57","2015-02-11 11:00:14","0",\N,\N,\N,\N,\N,"1"
"274","CANEDA Pago Cci 24hs Gravada Interbanking  - A Cbu 0070062720000002129602 ","2","2015-02-11",\N,"871.2","2015-02-13 13:45:24","0",\N,\N,\N,\N,\N,"1"
"275","Imp Ley 25413 Deb 0,6% ","2","2015-02-11",\N,"196.24","2015-02-13 13:46:17","0",\N,\N,\N,\N,\N,"0"
"276","Imp Ley 25413 Deb 0,6% ","2","2015-02-11",\N,"5.23","2015-02-13 13:46:55","0",\N,\N,\N,\N,\N,"0"
"277","Comision Procesamiento Ch Dep Cfu ","2","2015-02-11",\N,"19.95","2015-02-13 13:48:05","0",\N,\N,\N,\N,\N,"0"
"278","","1","2015-02-10","3800",\N,"2015-02-13 13:48:16","0",\N,"26",\N,\N,\N,\N
"279","Iva Tasa General ","2","2015-02-12",\N,"4.19","2015-02-13 13:49:16","0",\N,\N,\N,\N,\N,"1"
"280","Moto Mensajeria","2","2015-02-11",\N,"405.35","2015-02-13 13:56:35","0",\N,\N,\N,\N,\N,"1"
"281","Imp Ley 25413 Deb 0,6% ","2","2015-02-11",\N,"8.3","2015-02-13 13:57:02","0",\N,\N,\N,\N,\N,"0"
"282","Imp Ley 25413 Cred 0,6% ","2","2015-02-12",\N,"22.8","2015-02-13 13:57:29","0",\N,\N,\N,\N,\N,"1"
"283","Diego","2","2015-02-13",\N,"2000","2015-02-13 13:57:54","0",\N,\N,\N,\N,\N,"1"
"284","Regimen De Recaudacion Sircreb Z  - 30554497647 ","2","2015-02-13",\N,"190","2015-02-13 13:58:35","0",\N,\N,\N,\N,\N,"0"
"285","Famiq","2","2015-02-18",\N,"2352.49","2015-02-18 19:22:28","0",\N,\N,\N,\N,\N,"1"
"286","Alamino","1","2015-02-18","12111",\N,"2015-02-18 19:24:25","65922407",\N,\N,\N,\N,\N,"1"
"287","Imp Ley 25413 Deb 0,6% ","2","2015-02-18",\N,"223.9","2015-02-23 10:15:39","0",\N,\N,\N,\N,\N,"1"
"288","Imp Ley 25413 Deb 0,6% ","2","2015-02-18",\N,"72.67","2015-02-23 10:16:08","0",\N,\N,\N,\N,\N,"1"
"289","LAAPSA","2","2015-02-20",\N,"1045.44","2015-02-23 10:18:25","78528250",\N,\N,\N,\N,\N,"1"
"290","Comision Procesamiento Ch Dep Cfu","2","2015-02-20",\N,"87.19","2015-02-23 10:20:52","0",\N,\N,\N,\N,\N,"1"
"291","Iva Tasa General","2","2015-02-20",\N,"18.31","2015-02-23 10:21:47","0",\N,\N,\N,\N,\N,"1"
"292","Bertotto FC ","1","2015-02-20","60083.6",\N,"2015-02-23 10:22:34","0",\N,\N,\N,\N,\N,"1"
"293","SUELDO MORI","2","2015-02-20",\N,"3800","2015-02-23 10:24:28","0",\N,\N,\N,\N,\N,"1"
"294","Solarcom","2","2015-02-20",\N,"955.9","2015-02-23 10:24:59","0",\N,\N,\N,\N,\N,"1"
"295","Imp Ley 25413 Cred 0,6% ","2","2015-02-20",\N,"35.44","2015-02-23 10:25:35","0",\N,\N,\N,\N,\N,"1"
"296","Imp Ley 25413 Cred 0,6% ","2","2015-02-20",\N,"460.15","2015-02-23 10:26:06","0",\N,\N,\N,\N,\N,"1"
"297","Telmex Argentina-00171056 ","2","2015-02-23",\N,"85.76","2015-02-23 10:30:03","0",\N,\N,\N,\N,\N,"1"
"298","Regimen De Recaudacion Sircreb Z  - 30554497647 ","2","2015-02-20",\N,"830.4","2015-02-23 10:45:12","0",\N,\N,\N,\N,\N,"1"
"299","Iva Tasa General","2","2015-02-23",\N,"4.04","2015-02-23 10:46:58","0",\N,\N,\N,\N,\N,"1"
"300","Comision Procesamiento Ch Dep Cfu","2","2015-02-23",\N,"19.25","2015-02-23 10:47:33","0",\N,\N,\N,\N,\N,"1"
"301","Comision Procesamiento Ch Dep Cfu","2","2015-02-23",\N,"19.25","2015-02-23 10:48:03","0",\N,\N,\N,\N,\N,"1"
"302","Comision Procesamiento Ch Dep Cfu","2","2015-02-23",\N,"159.58","2015-02-23 10:48:31","0",\N,\N,\N,\N,\N,"1"
"303","Percepcion Ingresos Brutos Caba","2","2015-02-23",\N,"9.57","2015-02-23 10:49:09","0",\N,\N,\N,\N,\N,"1"
"304","Iva Tasa General ","2","2015-02-23",\N,"33.51","2015-02-23 10:49:42","0",\N,\N,\N,\N,\N,"1"
"305","Iva Tasa General ","2","2015-02-23",\N,"4.04","2015-02-23 10:50:26","0",\N,\N,\N,\N,\N,"1"
"306","","1","2015-02-25","53194",\N,"2015-02-23 10:50:46","5",\N,"13",\N,\N,\N,\N
"307","","1","2015-02-20","2706",\N,"2015-02-23 10:50:59","0",\N,"23",\N,\N,\N,\N
"308","","1","2015-02-20","2910",\N,"2015-02-23 10:51:07","0",\N,"24",\N,\N,\N,\N
"309","Garcia","2","2015-03-06",\N,"3811.5","2015-02-23 11:37:28","78528262",\N,\N,\N,\N,\N,"0"
"310","Bulonera Atlas","2","2015-03-02",\N,"482.53","2015-02-23 11:38:06","78528261",\N,\N,\N,\N,\N,"0"
"311","ARGENSOL","2","2015-02-25",\N,"2305.8","2015-02-23 11:39:49","78528260",\N,\N,\N,\N,\N,"0"
"312","THERMAL","2","2015-03-06",\N,"1127","2015-02-23 11:40:34","78528259",\N,\N,\N,\N,\N,"0"
"313","GARCIA","2","2015-03-10",\N,"3617.9","2015-02-23 11:41:12","78528263",\N,\N,\N,\N,\N,"0"
"315","GARCIA","2","2015-03-18",\N,"9520.03","2015-02-23 11:42:09","78528264",\N,\N,\N,\N,\N,"0"
"316","GARCIA","2","2015-03-21",\N,"2644.27","2015-02-23 11:42:36","78528265",\N,\N,\N,\N,\N,"0"
"317","GARCIA","2","2015-03-23",\N,"9326.55","2015-02-24 14:57:34","78528266",\N,\N,\N,\N,\N,"0"
"318","SUELDO MANUEL","2","2015-03-02",\N,"8000","2015-02-23 12:26:08","0",\N,\N,\N,\N,\N,"0"
"319","SUELDO MORI","2","2015-03-02",\N,"14000","2015-02-23 12:26:44","0",\N,\N,\N,\N,\N,"0"
"320","ASPREA","2","2015-02-23",\N,"3463.4","2015-02-23 13:09:34","78528267",\N,\N,\N,\N,\N,"1"
"321","Caja Chica","2","2015-02-23",\N,"3000","2015-02-23 15:00:16","0",\N,\N,\N,\N,\N,"0"
"322","FORJADOS","2","2015-03-20",\N,"5564.16","2015-02-23 15:15:44","0",\N,\N,\N,\N,\N,"0"
"323","Regimen De Recaudacion Sircreb Z  - 30554497647 ","2","2015-02-24",\N,"2940.53","2015-02-24 14:59:24","0",\N,\N,\N,\N,\N,"1"
"324","Argentina Cargo","2","2015-02-24",\N,"16922.6","2015-02-24 15:00:34","0",\N,\N,\N,\N,\N,"1"
"325","SUELDO RAUL","2","2015-02-24",\N,"2000","2015-02-24 15:00:58","0",\N,\N,\N,\N,\N,"1"
"326","Imp Ley 25413 Cred 0,6% ","2","2015-02-24",\N,"352.86","2015-02-24 15:01:49","0",\N,\N,\N,\N,\N,"1"
"327","Imp Ley 25413 Deb 0,6% ","2","2015-02-23",\N,"54.99","2015-02-24 15:02:19","0",\N,\N,\N,\N,\N,"1"
"328","Thermal","2","2015-03-14",\N,"920","2015-02-24 15:04:53","0",\N,\N,\N,\N,\N,"0"
"329","Caneda","2","2015-03-25",\N,"2499.32","2015-02-26 14:41:22","78528270",\N,\N,\N,\N,\N,"1"
"330","VERDU PUTO","2","2015-03-07",\N,"1897.28","2015-02-26 14:42:28","78528271",\N,\N,\N,\N,\N,"0"
"331","Mariela","2","2015-02-26",\N,"6050","2015-02-26 15:19:40","0",\N,\N,\N,\N,\N,"0"
"332","Mori","2","2015-02-26",\N,"4000","2015-02-26 15:20:01","0",\N,\N,\N,\N,\N,"0"
"333","Movistar","2","2015-02-26",\N,"5965.09","2015-02-26 15:20:42","0",\N,\N,\N,\N,\N,"0"
"334","Efectivo Caja Chica","2","2015-02-27",\N,"4000","2015-02-27 12:02:59","78528272",\N,\N,\N,\N,\N,"0"
"336","Imp Ley 25413 Deb 0,6% ","2","2015-02-27",\N,"100.13","2015-02-27 12:36:06","0",\N,\N,\N,\N,\N,"1"
"337","Iva Tasa General  - Mantenimiento Cuentas De Plan Sueldo/honorarios ","2","2015-02-27",\N,"1.26","2015-02-27 12:36:42","0",\N,\N,\N,\N,\N,"1"
"338","Comision Por Servicio De Cuenta  - Mantenimiento Cuentas De Plan Sueldo/honorarios ","2","2015-02-27",\N,"6","2015-02-27 12:39:43","0",\N,\N,\N,\N,\N,"1"
"339","Iva Tasa General ","2","2015-02-27",\N,"21.84","2015-02-27 12:41:58","0",\N,\N,\N,\N,\N,"1"
"340","Percepcion Ingresos Brutos Caba 6.24","2","2015-02-27",\N,"6.24","2015-02-27 12:46:21","0",\N,\N,\N,\N,\N,"1"
"341","Comision Movs Mensuales Clearing ","2","2015-02-27",\N,"104","2015-02-27 12:47:39","0",\N,\N,\N,\N,\N,"1"
"342","Iva Tasa General ","2","2015-02-27",\N,"88.2","2015-02-27 12:48:17","0",\N,\N,\N,\N,\N,"1"
"343","Percepcion Ingresos Brutos Caba ","2","2015-02-27",\N,"25.2","2015-02-27 12:52:38","0",\N,\N,\N,\N,\N,"1"
"344","Comision Por Servicio De Cuenta ","2","2015-02-27",\N,"420","2015-02-27 12:54:58","0",\N,\N,\N,\N,\N,"1"
"345","Imp Ley 25413 Deb 0,6% ","2","2015-02-27",\N,"39.95","2015-02-27 12:55:50","0",\N,\N,\N,\N,\N,"1"
"346","Iva Tasa General ","2","2015-02-27",\N,"6.3","2015-02-27 12:56:32","0",\N,\N,\N,\N,\N,"0"
"347","Comision Uso De Cajero No Propio ","2","2015-02-27",\N,"30","2015-02-27 12:57:02","0",\N,\N,\N,\N,\N,"1"
"348","Idea fabril","2","2015-02-25",\N,"6621.2","2015-03-03 10:40:29","0",\N,\N,\N,\N,\N,"1"
"350","Pago  FC 30","1","2015-02-28","47118.9",\N,"2015-03-04 16:32:06","5",\N,"19",\N,\N,\N,\N
"351","","1","2015-03-03","40000",\N,"2015-03-04 16:32:26","0",\N,"22",\N,\N,\N,\N
"352","FAMIQ","2","2015-04-20",\N,"1964.49","2015-04-23 12:38:52","78528273",\N,\N,\N,\N,\N,"0"
"353","ACERO SUD","2","2015-04-05",\N,"5705.27","2015-03-05 13:31:57","78528274",\N,\N,\N,\N,\N,"0"
"354","GARCIA","2","2015-03-25",\N,"8633.75","2015-03-05 13:38:18","78528277",\N,\N,\N,\N,\N,"0"
"355","GARCIA","2","2015-04-15",\N,"8633.75","2015-04-20 13:19:31","78528278",\N,\N,\N,\N,\N,"0"
"356","GARCIA","2","2015-04-20",\N,"8633.75","2015-04-23 12:40:35","78528279",\N,\N,\N,\N,\N,"0"
"357","Imp Ley 25413 Cred 0.6%","2","2015-03-04",\N,"522.71","2015-03-05 13:56:54","29823",\N,\N,\N,\N,\N,"1"
"358","Imp Ley 25413 Cred 0.6%","2","2015-03-04",\N,"10.96","2015-03-05 13:57:31","29822",\N,\N,\N,\N,\N,"1"
"359","Cablevision ","2","2015-03-04",\N,"1494.36","2015-03-05 13:58:07","49708",\N,\N,\N,\N,\N,"1"
"360","Iva Tasa General","2","2015-03-04",\N,"25.2","2015-03-05 13:58:46","29820",\N,\N,\N,\N,\N,"1"
"361","Percepcion ingresos brutos caba","2","2015-03-04",\N,"7.2","2015-03-05 13:59:37","29819",\N,\N,\N,\N,\N,"1"
"362","Comision procesamiento Ch DFep Cfu","2","2015-03-04",\N,"120","2015-03-05 14:00:22","29818",\N,\N,\N,\N,\N,"1"
"363","Iva Tasa General","2","2015-03-04",\N,"29.69","2015-03-05 14:01:05","0",\N,\N,\N,\N,\N,"1"
"364","Percepcion ingresos brutos","2","2015-03-04",\N,"8.48","2015-03-05 14:01:48","0",\N,\N,\N,\N,\N,"0"
"365","Comision procesamiento ch Cfu","2","2015-03-04",\N,"141.36","2015-03-05 14:02:35","0",\N,\N,\N,\N,\N,"1"
"366","Impuesto Ley","2","2015-03-04",\N,"136.73","2015-03-05 14:04:00","0",\N,\N,\N,\N,\N,"1"
"367","Bulonera Atlas","2","2015-03-03",\N,"482.53","2015-03-05 14:15:32","78528261",\N,\N,\N,\N,\N,"1"
"368","Imp Ley 25413 Deb 0,6% ","2","2015-03-03",\N,"23.92","2015-03-05 14:16:07","0",\N,\N,\N,\N,\N,"1"
"369","Edesur ","2","2015-03-03",\N,"962.19","2015-03-05 14:17:17","0",\N,\N,\N,\N,\N,"1"
"370","Edesur","2","2015-03-03",\N,"577.16","2015-03-05 14:17:42","0",\N,\N,\N,\N,\N,"1"
"371","Mapfre","2","2015-03-02",\N,"986.15","2015-03-05 14:18:15","0",\N,\N,\N,\N,\N,"1"
"372","Regimen De Recaudacion Sircreb Z  - 30554497647 ","2","2015-03-02",\N,"523.75","2015-03-05 14:18:43","0",\N,\N,\N,\N,\N,"1"
"373","Imp Ley 25413 Cred 0,6% ","2","2015-02-27",\N,"62.85","2015-03-05 14:19:31","0",\N,\N,\N,\N,\N,"1"
"374","Imp Ley 25413 Cred 0,6% ","2","2015-02-27",\N,"127.59","2015-03-05 14:20:00","0",\N,\N,\N,\N,\N,"1"
"375","LAAPSA","2","2015-03-26",\N,"726","2015-03-05 14:20:37","78528246",\N,\N,\N,\N,\N,"1"
"376","DE LA FABA","1","2015-02-27","10475",\N,"2015-03-05 14:23:02","0",\N,\N,\N,\N,\N,"0"
"377","Small Casting","2","2015-03-29",\N,"12159","2015-03-09 13:02:51","78528281",\N,\N,\N,\N,\N,"0"
"378","Dalman","2","2015-03-20",\N,"1939.63","2015-03-09 13:08:27","78528282",\N,\N,\N,\N,\N,"0"
"379","Regimen De Recaudaciones Sircreb Z","2","2015-03-04",\N,"4355.94","2015-03-10 13:55:41","0",\N,\N,\N,\N,\N,"1"
"380","SUELDO TATI","2","2015-03-09",\N,"10393.7","2015-03-10 13:56:52","0",\N,\N,\N,"9","3","0"
"381","SUELDO TATI","2","2015-04-09",\N,"10475.7","2015-04-09 16:08:36","0",\N,\N,\N,"9","2","0"
"382","SUELDO TATI","2","2015-04-29",\N,"10475.7","2015-04-29 17:03:01","0",\N,\N,\N,"9","1","0"
"383","Imp Ley 25413 Deb 0.6%","2","2015-03-05",\N,"194.89","2015-03-10 13:57:56","0",\N,\N,\N,\N,\N,"1"
"384","Direccion Gral D ","2","2015-03-05",\N,"594.71","2015-03-10 13:58:33","0",\N,\N,\N,\N,\N,"1"
"385","Imp Ley 25413","2","2015-03-06",\N,"3.57","2015-03-10 14:00:24","0",\N,\N,\N,\N,\N,"1"
"386","Intereses por descubierto","2","2015-03-06",\N,"11.27","2015-03-10 14:00:56","0",\N,\N,\N,\N,\N,"1"
"387","Iva reducido 10.5%","2","2015-03-06",\N,"1.18","2015-03-10 14:01:27","0",\N,\N,\N,\N,\N,"1"
"388","Sellado","2","2015-03-06",\N,"0.23","2015-03-10 14:01:46","0",\N,\N,\N,\N,\N,"0"
"389","Telefonica","2","2015-03-09",\N,"162.02","2015-03-10 14:03:11","0",\N,\N,\N,\N,\N,"0"
"390","Telefonica","2","2015-03-09",\N,"855.05","2015-03-10 14:03:41","0",\N,\N,\N,\N,\N,"0"
"391","Caja Chica","2","2015-03-09",\N,"300","2015-03-10 14:06:36","0",\N,\N,\N,\N,\N,"0"
"392","Solmec","2","2015-03-09",\N,"1718.23","2015-03-10 14:07:13","0",\N,\N,\N,\N,\N,"1"
"393","Imp Ley 25413 Deb 0.6%","2","2015-03-09",\N,"103.52","2015-03-10 14:07:47","0",\N,\N,\N,\N,\N,"1"
"394","Bulonera Atlas","2","2015-03-09",\N,"2305.8","2015-03-10 14:10:09","78528260",\N,\N,\N,\N,\N,"1"
"395","Ale ROthar","2","2015-03-09",\N,"3500","2015-03-10 14:10:39","0",\N,\N,\N,\N,\N,"1"
"396","Caja Chica","2","2015-03-09",\N,"4000","2015-03-10 14:11:00","0",\N,\N,\N,\N,\N,"0"
"397","LIT ALUMINIO","2","2015-04-24",\N,"6896.53","2015-04-27 10:30:56","78528283",\N,\N,\N,\N,\N,"0"
"398","centro flet","2","2015-04-14",\N,"1318.99","2015-04-20 13:55:01","78528285",\N,\N,\N,\N,\N,"0"
"399","Dominios","2","2015-03-13",\N,"320","2015-03-13 12:35:31","0",\N,\N,\N,\N,\N,"0"
"400","Viaticos","2","2015-03-13",\N,"1254","2015-03-13 12:37:50","0",\N,\N,\N,\N,\N,"0"
"401","Mariela Cacciatori","2","2015-03-13",\N,"6050","2015-03-13 12:38:26","0",\N,\N,\N,\N,\N,"0"
"402","Imp Ley 25413 Cred 0.6%","2","2015-03-12",\N,"259.45","2015-03-13 12:39:41","0",\N,\N,\N,\N,\N,"0"
"403","Imp Ley 25413 Deb 0.6%","2","2015-03-12",\N,"5.85","2015-03-13 12:40:17","0",\N,\N,\N,\N,\N,"1"
"404","Deposito Efvo Online Tas Suc 0099","2","2015-03-12",\N,"55","2015-03-13 12:40:58","0",\N,\N,\N,\N,\N,"1"
"405","Iva tasa General","2","2015-03-12",\N,"29.77","2015-03-13 12:41:30","0",\N,\N,\N,\N,\N,"1"
"406","Percepcion Ingresos Brutos Caba","2","2015-03-12",\N,"8.5","2015-03-13 12:42:16","0",\N,\N,\N,\N,\N,"1"
"407","Comision Procesamiento Ch Dep Fu","2","2015-03-12",\N,"141.74","2015-03-13 12:48:15","0",\N,\N,\N,\N,\N,"1"
"408","","1","2015-02-27","26998.9",\N,"2015-03-13 12:48:57","44",\N,"28",\N,\N,\N,\N
"409","Anticipo Brazo de carga","1","2015-03-27","12180.7",\N,"2015-03-13 12:49:08","43",\N,"29",\N,\N,\N,\N
"410","Tubo de descarga","1","2015-03-23","16188.1",\N,"2015-03-13 12:49:20","41",\N,"31",\N,\N,\N,\N
"411","","1","2015-03-10","1718.2",\N,"2015-03-13 12:49:35","33",\N,"38",\N,\N,\N,\N
"412","","1","2015-03-10","2009.82",\N,"2015-03-13 12:49:53","33",\N,"39",\N,\N,\N,\N
"413","Regimen de recaudacion Sircreb Z","2","2015-03-11",\N,"795.44","2015-03-13 12:52:06","0",\N,\N,\N,\N,\N,"0"
"414","Imp Ley 25413","2","2015-03-11",\N,"95.45","2015-03-13 12:52:41","0",\N,\N,\N,\N,\N,"0"
"415","Imp Ley 25413","2","2015-03-11",\N,"6.77","2015-03-13 12:53:08","0",\N,\N,\N,\N,\N,"0"
"416","Imp Ley","2","2015-03-11",\N,"72.21","2015-03-13 12:53:36","0",\N,\N,\N,\N,\N,"1"
"417","Comision Envio Inf ","2","2015-03-11",\N,"333.91","2015-03-13 12:54:11","0",\N,\N,\N,\N,\N,"0"
"418","afip","2","2015-03-15",\N,"30746.3","2015-03-16 11:50:14","0",\N,\N,\N,"10","2","0"
"419","Afip","2","2015-04-16",\N,"30746.3","2015-04-20 13:14:38","0",\N,\N,\N,"10","1","0"
"420","aFIP","2","2015-03-16",\N,"4083","2015-03-16 11:51:32","0",\N,\N,\N,"11","2","0"
"421","aFIP","2","2015-04-16",\N,"4083","2015-03-16 11:51:32","0",\N,\N,\N,"11","1","0"
"422","Pagina Web","2","2015-03-16",\N,"3000","2015-03-16 11:54:52","0",\N,\N,\N,\N,\N,"0"
"423","Regimen De Recaudacion Sircreb Z - 30554497647","2","2015-03-16",\N,"440.74","2015-03-16 11:56:52","0",\N,\N,\N,\N,\N,"0"
"424","Imp Ley 25413 Deb 0,6%","2","2015-03-16",\N,"108.51","2015-03-16 11:57:21","0",\N,\N,\N,\N,\N,"0"
"425","Imp Ley 25413 Cred 0,6%","2","2015-03-16",\N,"52.89","2015-03-16 11:57:51","0",\N,\N,\N,\N,\N,"0"
"426","","1","2015-03-18","39868.4",\N,"2015-03-16 12:00:11","0",\N,"21",\N,\N,\N,\N
"427","BOMECA","2","2015-04-02",\N,"9486.4","2015-03-17 09:53:09","78528286",\N,\N,\N,\N,\N,"0"
"428","SEC","2","2015-04-21",\N,"5556.5","2015-04-23 12:43:57","78528287",\N,\N,\N,\N,\N,"0"
"429","SEC","2","2015-05-08",\N,"5556.6","2015-05-08 12:24:37","78528288",\N,\N,\N,\N,\N,"0"
"430","Imp Ley 25413 Deb 0,6%","2","2015-03-16",\N,"233.33","2015-03-17 10:23:52","0",\N,\N,\N,\N,\N,"1"
"432","Comision Procesamiento Ch Dep Cfu","2","2015-03-16",\N,"119.61","2015-03-17 10:43:22","0",\N,\N,\N,\N,\N,"0"
"434","Percepcion Ingresos Brutos Caba","2","2015-03-16",\N,"7.18","2015-03-17 10:44:22","0",\N,\N,\N,\N,\N,"0"
"435","Iva Tasa General","2","2015-03-16",\N,"25.12","2015-03-17 10:44:48","0",\N,\N,\N,\N,\N,"0"
"436","Anticipo Luqi","1","2015-03-16","15639.4",\N,"2015-03-17 10:45:37","0",\N,\N,\N,\N,\N,"0"
"437","Component","2","2015-04-17",\N,"1470.54","2015-04-20 13:06:04","78528290",\N,\N,\N,\N,\N,"0"
"438","Famiq","2","2015-04-21",\N,"1699.98","2015-04-23 12:42:59","78528289",\N,\N,\N,\N,\N,"0"
"439","MOnitores","2","2015-03-18",\N,"3760","2015-03-18 11:16:53","0",\N,\N,\N,\N,\N,"0"
"440","ZALOZE","2","2015-04-20",\N,"1347.42","2015-04-23 12:41:35","78528291",\N,\N,\N,\N,\N,"0"
"441","ARGENSOL","2","2015-05-05",\N,"3731.28","2015-05-05 16:43:14","78528292",\N,\N,\N,\N,\N,"0"
"442","art","1","2015-03-20","15613.5",\N,"2015-03-20 15:12:13","0",\N,\N,\N,\N,\N,"0"
"443","","1","2015-03-20","34187.9",\N,"2015-03-20 15:12:35","44",\N,"36",\N,\N,\N,\N
"444","CANEDA","2","2015-04-28",\N,"1698.2","2015-05-04 09:25:10","78528293",\N,\N,\N,\N,\N,"0"
"445","CAJA CHICA","2","2015-03-25",\N,"4000","2015-03-25 11:25:57","78528294",\N,\N,\N,\N,\N,"0"
"446","Therman","2","2015-04-30",\N,"1123.12","2015-03-30 10:08:22","78528298",\N,\N,\N,\N,\N,"0"
"448","Asprea","2","2015-05-05",\N,"4791.6","2015-05-05 09:26:18","78528296",\N,\N,\N,\N,\N,"0"
"451","Rodillo","2","2015-04-15",\N,"3660","2015-04-20 13:20:08","78528295",\N,\N,\N,\N,\N,"0"
"452","","1","2015-03-27","54142.7",\N,"2015-03-30 10:32:19","44",\N,"37",\N,\N,\N,\N
"461","Imp Ley 25413 CRED 0.6%","2","2015-03-17",\N,"333.05","2015-03-30 12:07:46","0",\N,\N,\N,\N,\N,"0"
"462","Imp Ley 25413 Deb","2","2015-03-17",\N,"0.91","2015-03-30 12:08:14","0",\N,\N,\N,\N,\N,"0"
"463","Regimen de Recaudacion Sicreb Z ","2","2015-03-17",\N,"2775.39","2015-03-30 12:11:57","0",\N,\N,\N,\N,\N,"0"
"464","Caja Chica","2","2015-03-18",\N,"3000","2015-03-30 12:12:20","0",\N,\N,\N,\N,\N,"0"
"465","Amex","2","2015-03-18",\N,"2800","2015-03-30 12:14:49","78528284",\N,\N,\N,\N,\N,"0"
"466","Com movimientos otra sucursal","2","2015-03-18",\N,"54.74","2015-03-30 12:15:36","0",\N,\N,\N,\N,\N,"1"
"467","Iva Tasa general","2","2015-03-18",\N,"11.5","2015-03-30 12:17:06","0",\N,\N,\N,\N,\N,"0"
"468","Raul Negro","2","2015-03-18",\N,"2000","2015-03-30 12:17:39","0",\N,\N,\N,\N,\N,"0"
"469","Imp Ley 25413 Cred 0.6%","2","2015-03-18",\N,"64.4","2015-03-30 12:20:00","0",\N,\N,\N,\N,\N,"1"
"470","Imp Ley 25413 Deb 0.6%","2","2015-03-18",\N,"92.13","2015-03-30 12:21:17","0",\N,\N,\N,\N,\N,"0"
"471","Regimen de recaudacion Sincreb","2","2015-03-18",\N,"537.43","2015-03-30 12:22:10","0",\N,\N,\N,\N,\N,"0"
"472","Imp Ley 25413 Cred","2","2015-03-19",\N,"93.68","2015-03-30 12:22:58","0",\N,\N,\N,\N,\N,"0"
"473","Imp Ley 25413 Deb ","2","2015-03-19",\N,"60.34","2015-03-30 12:23:30","0",\N,\N,\N,\N,\N,"0"
"474","Regimen de recaudacion Sincreb Z","2","2015-03-19",\N,"780.68","2015-03-30 12:25:01","0",\N,\N,\N,\N,\N,"0"
"475","Caja Chica","2","2015-03-20",\N,"4000","2015-03-30 12:25:47","0",\N,\N,\N,\N,\N,"0"
"476","Imp Ley 25413 Deb 0.6%","2","2015-03-20",\N,"62.03","2015-03-30 12:29:26","0",\N,\N,\N,\N,\N,"0"
"477","Comision procesamiento Ch Dep Cfu","2","2015-03-25",\N,"179.49","2015-03-30 12:30:09","0",\N,\N,\N,\N,\N,"0"
"478","Percepcion Ingresos brutos CABA","2","2015-03-25",\N,"10.77","2015-03-30 12:30:40","0",\N,\N,\N,\N,\N,"0"
"479","Iva tasa general","2","2015-03-25",\N,"37.69","2015-03-30 12:31:22","0",\N,\N,\N,\N,\N,"0"
"480","Telmex argentina ","2","2015-03-25",\N,"78.65","2015-03-30 12:31:55","0",\N,\N,\N,\N,\N,"0"
"481","Imp Ley 25413 Cred","2","2015-03-25",\N,"145.24","2015-03-30 12:32:27","0",\N,\N,\N,\N,\N,"0"
"482","Imp Ley Deb","2","2015-03-25",\N,"205.13","2015-03-30 12:34:56","0",\N,\N,\N,\N,\N,"0"
"483","Regimen de recaudacion Sircreb","2","2015-03-25",\N,"1709.4","2015-03-30 12:35:26","0",\N,\N,\N,\N,\N,"0"
"484","Comision uso de cajero no propio","2","2015-03-26",\N,"15","2015-03-30 12:35:59","0",\N,\N,\N,\N,\N,"0"
"485","Iva Tasa General","2","2015-03-26",\N,"3.15","2015-03-30 12:36:25","0",\N,\N,\N,\N,\N,"0"
"486","Chequeras","2","2015-03-26",\N,"80","2015-03-30 12:36:46","0",\N,\N,\N,\N,\N,"0"
"487","Iva Tasa General","2","2015-03-26",\N,"16.8","2015-03-30 12:37:19","0",\N,\N,\N,\N,\N,"0"
"488","Imp Ley 25413","2","2015-03-26",\N,"35.82","2015-03-30 12:37:51","0",\N,\N,\N,\N,\N,"0"
"489","Comision procesamiento Ch Dep Cfu","2","2015-03-30",\N,"284.25","2015-03-30 12:38:54","0",\N,\N,\N,\N,\N,"1"
"490","Percepcion Infresos BRutos CABA","2","2015-03-30",\N,"17.06","2015-03-30 12:40:23","0",\N,\N,\N,\N,\N,"0"
"491","iva tasa general","2","2015-03-30",\N,"59.69","2015-03-30 12:40:47","0",\N,\N,\N,\N,\N,"0"
"492","comision por servicios de cuenta","2","2015-03-30",\N,"420","2015-03-30 12:41:14","0",\N,\N,\N,\N,\N,"0"
"493","Percepcion Ingresos Brutos CABA","2","2015-03-30",\N,"25.2","2015-03-30 12:43:27","0",\N,\N,\N,\N,\N,"1"
"494","Iva Tasa General","2","2015-03-30",\N,"88.2","2015-03-30 12:43:49","0",\N,\N,\N,\N,\N,"1"
"495","Comision Movs Mensuales Clearing","2","2015-03-30",\N,"128","2015-03-30 12:44:18","0",\N,\N,\N,\N,\N,"1"
"496","Percepcion Ingresos Brutos CABA","2","2015-03-30",\N,"7.68","2015-03-30 12:44:57","0",\N,\N,\N,\N,\N,"0"
"497","Iva Tasa General","2","2015-03-30",\N,"26.88","2015-03-30 12:45:22","0",\N,\N,\N,\N,\N,"1"
"498","Com Movimintos otra Sucursal","2","2015-03-30",\N,"13","2015-03-30 12:45:50","0",\N,\N,\N,\N,\N,"0"
"499","IVA tasa","2","2015-03-30",\N,"2.73","2015-03-30 12:46:22","0",\N,\N,\N,\N,\N,"0"
"500","Comision ","2","2015-03-30",\N,"6","2015-03-30 12:46:50","0",\N,\N,\N,\N,\N,"0"
"501","Iva","2","2015-03-30",\N,"1.26","2015-03-30 12:47:18","0",\N,\N,\N,\N,\N,"0"
"502","Caja Chica","2","2015-03-30",\N,"3000","2015-03-30 14:04:17","0",\N,\N,\N,\N,\N,"0"
"503","Raul Negro anticipado","2","2015-03-30",\N,"2000","2015-03-30 14:04:36","0",\N,\N,\N,\N,\N,"0"
"504","SUELDO MANUEL","2","2015-04-03",\N,"7985.56","2015-03-31 10:07:33","0",\N,\N,\N,"13","3","0"
"505","SUELDO MANUEL","2","2015-04-29",\N,"7985.56","2015-04-29 16:59:31","0",\N,\N,\N,"13","2","0"
"506","SUELDO MANUEL","2","2015-06-02",\N,"10462.1","2015-06-04 11:06:33","0",\N,\N,\N,"13","1","0"
"507","SUELDO  MORI","2","2015-04-03",\N,"14000","2015-03-31 10:08:56","0",\N,\N,\N,"14","3","0"
"509","SUELDO  MORI","2","2015-06-02",\N,"9000","2015-06-04 11:06:48","0",\N,\N,\N,"14","1","0"
"510","Alamino","1","2015-04-06","28714",\N,"2015-04-06 11:51:22","0",\N,\N,\N,\N,\N,"0"
"511","Caja chica","2","2015-04-06",\N,"4000","2015-04-06 11:59:26","78528299",\N,\N,\N,\N,\N,"0"
"512","Klimger","2","2015-04-06",\N,"892.75","2015-04-06 11:59:56","0",\N,\N,\N,\N,\N,"0"
"513","Mexx","2","2015-04-06",\N,"2025","2015-04-09 16:41:50","0",\N,\N,\N,\N,\N,"0"
"514","Pallet","2","2015-04-06",\N,"2516","2015-04-06 12:03:42","0",\N,\N,\N,\N,\N,"0"
"515","extraccion","2","2015-04-08",\N,"6923.89","2015-04-08 12:01:25","0",\N,\N,\N,\N,\N,"0"
"516","Imp Ley 25416 Deb 0,6%","2","2015-04-07",\N,"91.15","2015-04-08 12:02:23","0",\N,\N,\N,\N,\N,"0"
"517","Imp Ley 25413","2","2015-04-06",\N,"172.29","2015-04-08 12:03:14","0",\N,\N,\N,\N,\N,"0"
"518","Imp Ley 25413","2","2015-04-06",\N,"127.37","2015-04-08 12:03:57","0",\N,\N,\N,\N,\N,"0"
"520","Bertotto","1","2015-04-08","57321.9",\N,"2015-04-09 15:37:01","0",\N,\N,\N,\N,\N,"0"
"521","vital","2","2015-04-09",\N,"128.61","2015-04-09 15:47:23","0",\N,\N,\N,\N,\N,"0"
"522","Rothar","2","2015-04-09",\N,"4000","2015-04-09 15:48:00","0",\N,\N,\N,"15","3","0"
"523","Rothar","2","2015-05-04",\N,"4500","2015-05-04 11:48:55","0",\N,\N,\N,"15","2","0"
"524","Rothar","2","2015-06-08",\N,"4500","2015-06-10 09:19:31","0",\N,\N,\N,"15","1","0"
"525","Imp Ley DEb 0.6%","2","2015-04-08",\N,"343.93","2015-04-09 15:48:47","0",\N,\N,\N,\N,\N,"0"
"526","Imp Ley Cre 0.6%","2","2015-04-09",\N,"186.02","2015-04-09 15:49:58","0",\N,\N,\N,\N,\N,"0"
"527","Patente GWB","2","2015-04-09",\N,"407.02","2015-04-09 16:06:17","0",\N,\N,\N,\N,\N,"0"
"528","Patente GWB","2","2015-04-09",\N,"368.06","2015-04-09 16:07:00","0",\N,\N,\N,\N,\N,"0"
"529","Patente GWB","2","2015-04-09",\N,"350.67","2015-04-09 16:07:31","0",\N,\N,\N,\N,\N,"0"
"530","Patente GWB","2","2015-04-09",\N,"333.28","2015-04-09 16:07:54","0",\N,\N,\N,\N,\N,"0"
"531","Patente GWB","2","2015-04-09",\N,"373.41","2015-04-09 16:08:15","0",\N,\N,\N,\N,\N,"0"
"532","Cauciones","2","2015-04-08",\N,"2772.96","2015-04-09 16:09:24","0",\N,\N,\N,\N,\N,"0"
"533","Movistar","2","2015-04-08",\N,"3127.46","2015-04-09 16:09:59","0",\N,\N,\N,"16","3","0"
"534","Movistar","2","2015-05-08",\N,"3383.82","2015-05-08 12:38:55","83928075",\N,\N,\N,"16","2","0"
"535","Movistar","2","2015-06-12",\N,"3301","2015-06-12 15:45:21","0",\N,\N,\N,"16","1","0"
"536","Imp Ley 25413 Deb 0.6%","2","2015-03-30",\N,"36.5","2015-04-09 16:11:38","0",\N,\N,\N,\N,\N,"0"
"537","Imp Ley 25413 Cred 0.6%","2","2015-04-08",\N,"324.86","2015-04-09 16:12:12","0",\N,\N,\N,\N,\N,"0"
"538","Regimen de Recaudacion Sircreb ","2","2015-04-08",\N,"2707.13","2015-04-09 16:13:31","0",\N,\N,\N,\N,\N,"0"
"539","Aysa","2","2015-04-08",\N,"345.94","2015-04-09 16:14:02","0",\N,\N,\N,\N,\N,"0"
"540","Direccion General ","2","2015-04-08",\N,"594.71","2015-04-09 16:14:58","0",\N,\N,\N,\N,\N,"0"
"541","Nitro","2","2015-04-21",\N,"13766.2","2015-04-23 12:45:46","78528276",\N,\N,\N,\N,\N,"0"
"542","Maderera","2","2015-04-14",\N,"2516.8","2015-04-20 13:54:20","78528300",\N,\N,\N,\N,\N,"0"
"543","Caja Chica","2","2015-04-08",\N,"4000","2015-04-09 16:43:04","78528301",\N,\N,\N,\N,\N,"0"
"544","Garcia","2","2015-04-29",\N,"11499.7","2015-04-09 16:44:00","0",\N,\N,\N,\N,\N,"0"
"545","Garcia","2","2015-05-09",\N,"11499.7","2015-04-09 16:44:42","78528303",\N,\N,\N,\N,\N,"0"
"546","Garcia","2","2015-05-21",\N,"11499.7","2015-05-21 11:01:01","78528304",\N,\N,\N,\N,\N,"0"
"547","Atlas","2","2015-04-24",\N,"4008.85","2015-04-09 16:46:58","78528305",\N,\N,\N,\N,\N,"0"
"548","Garcia","2","2015-04-30",\N,"11499.7","2015-06-22 12:10:31","78528302",\N,\N,\N,\N,\N,"0"
"549","","1","2015-03-03","66140",\N,"2015-04-13 16:51:47","5",\N,"40",\N,\N,\N,\N
"550","ANTICIPO POR BRAZO DE CARGA","1","2015-03-11","10890",\N,"2015-04-20 12:30:30","5",\N,"41",\N,\N,\N,\N
"551","GALPA","1","2015-04-20","8519.11",\N,"2015-04-23 12:22:53","5",\N,"44",\N,\N,\N,"0"
"552","Caja Chica","2","2015-04-17",\N,"4000","2015-04-20 12:34:04","78528315",\N,\N,\N,\N,\N,"0"
"553","Nitrophyl","2","2015-06-18",\N,"4663.48","2015-06-19 09:42:18","78528314",\N,\N,\N,\N,\N,"0"
"554","Davonis","2","2015-04-24",\N,"1491.65","2015-04-27 10:25:08","78528313",\N,\N,\N,\N,\N,"0"
"555","anulado","2","2015-04-17",\N,"0.01","2015-04-20 12:36:45","78528312",\N,\N,\N,\N,\N,"0"
"556","Aceite","2","2015-04-20",\N,"1235","2015-04-23 12:24:12","78528311",\N,\N,\N,\N,\N,"0"
"557","ANULADO","2","2015-04-17",\N,"0.01","2015-04-20 12:42:09","78528310",\N,\N,\N,\N,\N,"0"
"558","RODAN","2","2015-04-30",\N,"1324","2015-06-22 12:11:23","78528309",\N,\N,\N,\N,\N,"0"
"559","CAJA CHICA","2","2015-04-14",\N,"7000","2015-04-20 12:43:57","78528308",\N,\N,\N,\N,\N,"0"
"560","BULONERA ATLAS","2","2015-04-24",\N,"640","2015-04-20 12:44:38","78528307",\N,\N,\N,\N,\N,"0"
"561","AFIP","2","2015-04-15",\N,"3200","2015-04-20 13:21:22","78528306",\N,\N,\N,\N,\N,"0"
"562","Imp Ley 25413 Deb 0,6%","2","2015-04-20",\N,"24","2015-04-20 12:53:50","30031",\N,\N,\N,\N,\N,"0"
"563","Imp Ley 25413 Deb 0,6% ","2","2015-04-16",\N,"262.51","2015-04-20 12:56:12","30029",\N,\N,\N,\N,\N,"0"
"564","Comision Envio Inf C 4469","2","2015-04-16",\N,"337.8","2015-04-20 12:57:21","30027",\N,\N,\N,\N,\N,"0"
"565","Amex","2","2015-04-16",\N,"2708.35","2015-04-20 12:58:11","13739",\N,\N,\N,\N,\N,"0"
"566","Emetec","2","2015-04-16",\N,"1300","2015-04-20 13:04:37","13697",\N,\N,\N,\N,\N,"0"
"567","Inacap","2","2015-04-16",\N,"214.88","2015-04-20 13:07:19","79760511",\N,\N,\N,\N,\N,"0"
"568","Argentina Cargo","2","2015-04-16",\N,"5790.31","2015-04-20 13:08:30","10412",\N,\N,\N,\N,\N,"0"
"569","TELEFONICA","2","2015-04-16",\N,"2.44","2015-04-20 13:13:44","112152232",\N,\N,\N,\N,\N,"0"
"570","TELEFONICA","2","2015-04-16",\N,"895.73","2015-04-20 13:14:13","11144582",\N,\N,\N,\N,\N,"0"
"571","Regimen de recaudaciones sircreb Z ","2","2015-04-15",\N,"286.67","2015-04-20 13:16:27","30020",\N,\N,\N,\N,\N,"0"
"572","Imp Ley 2513 Cred 0,6%","2","2015-04-15",\N,"34.4","2015-04-20 13:17:49","30018",\N,\N,\N,\N,\N,"0"
"573","Imp Ley 25413 Deb 0,6%","2","2015-04-15",\N,"98.11","2015-04-20 13:18:36","30017",\N,\N,\N,\N,\N,"0"
"574","GRAPA","1","2015-04-15","5733.46",\N,"2015-04-20 13:23:01","124365570",\N,\N,\N,\N,\N,"0"
"575","Regimen de recaudaciones Sincreb Z","2","2015-04-14",\N,"857.65","2015-04-20 13:29:29","30016",\N,\N,\N,\N,\N,"0"
"576","Imp Ley 25413 Cred 0,6%","2","2015-04-14",\N,"102.92","2015-04-20 13:32:08","30011",\N,\N,\N,\N,\N,"0"
"577","Imp Ley 25413 Deb 0,6%","2","2015-04-14",\N,"256.13","2015-04-20 13:35:49","30010",\N,\N,\N,\N,\N,"0"
"578","Anulacion Imp Ley ","1","2015-04-14","51.8",\N,"2015-04-20 13:36:59","30009",\N,\N,\N,\N,\N,"0"
"579","MARIELA CACCIATORI","2","2015-04-14",\N,"6050","2015-04-20 13:37:57","14286578",\N,\N,\N,\N,\N,"0"
"580","COMISIONES VTAS DDR","2","2015-04-14",\N,"6611.69","2015-04-20 13:38:45","14274370",\N,\N,\N,\N,\N,"0"
"581","COMISIONES VTAS GM","2","2015-04-14",\N,"6611.69","2015-04-20 13:39:29","48200",\N,\N,\N,\N,\N,"0"
"582","","1","2015-04-14","4519.71",\N,"2015-04-20 13:40:29","51",\N,"52",\N,\N,\N,\N
"583","","1","2015-04-14","12718.9",\N,"2015-04-20 13:40:37","5",\N,"45",\N,\N,\N,\N
"584","IVA TASA GENERAL","2","2015-04-14",\N,"48.62","2015-04-20 13:42:58","30001",\N,\N,\N,\N,\N,"0"
"585","PERCEPCION IIBB","2","2015-04-14",\N,"13.89","2015-04-20 13:43:33","30000",\N,\N,\N,\N,\N,"0"
"586","COMISION MOVIMIENTOS OTRA SUCURSAL","2","2015-04-14",\N,"231.53","2015-04-20 13:45:17","29999",\N,\N,\N,\N,\N,"0"
"587","REGIMEN RECUDACION SORCREB Z","2","2015-04-14",\N,"3652.86","2015-04-20 13:46:18","300002",\N,\N,\N,\N,\N,"0"
"588","SUSS","2","2015-04-13",\N,"23359.5","2015-04-20 13:55:59","43193",\N,\N,\N,\N,\N,"0"
"589","","1","2015-04-13","6907.26",\N,"2015-04-20 13:57:10","39",\N,"33",\N,\N,\N,\N
"590","Imp Ley 25413 Cred 0,6%","2","2015-04-13",\N,"438.34","2015-04-20 14:15:05","29995",\N,\N,\N,\N,\N,"0"
"591","Imp Ley 25413","2","2015-04-13",\N,"187.56","2015-04-20 14:15:39","29994",\N,\N,\N,\N,\N,"0"
"592","Canje Cheque","2","2015-04-13",\N,"7900","2015-04-20 14:16:05","36738",\N,\N,\N,\N,\N,"0"
"593","Imp Ley 25413","2","2015-04-10",\N,"0.86","2015-04-20 14:17:01","29989",\N,\N,\N,\N,\N,"0"
"594","seguro casa peti","2","2015-04-10",\N,"142.52","2015-04-20 14:18:19","29987",\N,\N,\N,\N,\N,"0"
"595","IMP LEY ","2","2015-04-09",\N,"24.77","2015-04-20 14:18:58","4633",\N,\N,\N,\N,\N,"0"
"596","Ale Rothar","2","2015-04-09",\N,"4000","2015-04-20 14:19:36","23690",\N,\N,\N,\N,\N,"0"
"597","CARDINAL","1","2015-04-20","32906.6",\N,"2015-04-23 12:25:31","54",\N,"47",\N,\N,\N,"0"
"598","Distribuidora RIO","1","2015-04-21","35652",\N,"2015-04-23 12:25:02","5",\N,"43",\N,\N,\N,"0"
"599","MARTINEZ SOSA","2","2015-04-08",\N,"954","2015-04-20 14:37:40","13542",\N,\N,\N,\N,\N,"0"
"600","Imp Ley 25413","2","2015-04-20",\N,"71","2015-04-23 12:58:47","30037",\N,\N,\N,\N,\N,"0"
"601","Imp ley","2","2015-04-20",\N,"248.55","2015-04-23 13:01:04","30038",\N,\N,\N,\N,\N,"0"
"602","Regimen De Recaudacion Sircreb Z","2","2015-04-20",\N,"2071.29","2015-04-23 13:01:49","30046",\N,\N,\N,\N,\N,"0"
"603","Comision procesamiento ","2","2015-04-20",\N,"187.18","2015-04-23 13:02:36","30043",\N,\N,\N,\N,\N,"0"
"604","Percepcion ingresos brutos","2","2015-04-20",\N,"11.23","2015-04-23 13:04:56","30044",\N,\N,\N,\N,\N,"0"
"605","Iva Tasa General","2","2015-04-20",\N,"39.31","2015-04-23 13:06:32","30045",\N,\N,\N,\N,\N,"0"
"606","Bomeca","2","2015-05-19",\N,"15972","2015-05-19 08:44:39","78528316",\N,\N,\N,\N,\N,"0"
"607","RR Forja","2","2015-05-22",\N,"11929.9","2015-04-23 13:57:25","78528317",\N,\N,\N,\N,\N,"0"
"608","RR Forjads","2","2015-06-05",\N,"11929.9","2015-06-10 09:18:52","78528318",\N,\N,\N,\N,\N,"0"
"609","Imp Ley 25413","2","2015-04-22",\N,"10.7","2015-04-23 14:04:52","30051",\N,\N,\N,\N,\N,"0"
"610","Regimen de recaudaciones Sircreb Z","2","2015-04-22",\N,"1782.64","2015-04-23 14:05:58","30050",\N,\N,\N,\N,\N,"0"
"611","Imp Ley 25413","2","2015-04-22",\N,"148.08","2015-04-23 14:06:33","30049",\N,\N,\N,\N,\N,"0"
"612","Imp Ley","2","2015-04-21",\N,"213.92","2015-04-23 14:07:27","30048",\N,\N,\N,\N,\N,"0"
"613","Acero Sud","2","2015-05-27",\N,"7515","2015-05-27 09:13:57","78528319",\N,\N,\N,\N,\N,"0"
"614","Caja Chica","2","2015-04-27",\N,"4000","2015-04-28 12:26:06","78528320",\N,\N,\N,\N,\N,"0"
"615","Valvula","1","2015-04-27","7690",\N,"2015-05-04 09:22:32","42",\N,"30",\N,\N,\N,"0"
"616","anticipo brazos","1","2015-04-28","13567.5",\N,"2015-04-24 10:22:09","64",\N,"54",\N,\N,\N,\N
"617","FC 63 PASTORINO","1","2015-04-28","750",\N,"2015-04-24 10:22:16","63",\N,"55",\N,\N,\N,\N
"618","FC 63 Pastorino","1","2015-04-28","10000",\N,"2015-04-24 10:22:23","63",\N,"56",\N,\N,\N,\N
"619","FC 63 Pastorino","1","2015-04-28","1250",\N,"2015-04-24 10:22:33","63",\N,"57",\N,\N,\N,\N
"620","","1","2015-04-24","36492",\N,"2015-04-24 15:55:29","55",\N,"48",\N,\N,\N,\N
"621","","1","2015-04-24","25410",\N,"2015-04-24 15:55:39","60",\N,"49",\N,\N,\N,\N
"622","","1","2015-04-24","28421.5",\N,"2015-04-24 15:56:11","59",\N,"50",\N,\N,\N,\N
"623","caja chica","2","2015-04-24",\N,"3000","2015-04-24 15:57:15","0",\N,\N,\N,\N,\N,"0"
"624","Ser","2","2015-04-23",\N,"2879.45","2015-04-27 10:18:57","47782",\N,\N,\N,\N,\N,"0"
"625","Imp Ley 25413","2","2015-04-23",\N,"17.28","2015-04-27 10:19:37","30053",\N,\N,\N,\N,\N,"0"
"626","Imp Ley 25413","2","2015-04-23",\N,"576.93","2015-04-27 10:21:00","30057",\N,\N,\N,\N,\N,"0"
"627","Imp Ley","2","2015-04-24",\N,"18","2015-04-27 10:21:33","30058",\N,\N,\N,\N,\N,"0"
"628","IVA Tasa General","2","2015-04-27",\N,"19.25","2015-04-27 10:35:03","30068",\N,\N,\N,\N,\N,"0"
"629","Iva Tasa General","2","2015-04-27",\N,"4.04","2015-04-27 10:35:40","30069",\N,\N,\N,\N,\N,"0"
"630","Comision procesamiento","2","2015-04-27",\N,"30","2015-04-27 10:36:29","30070",\N,\N,\N,\N,\N,"0"
"631","Iva Tasa General","2","2015-04-27",\N,"6.3","2015-04-27 11:18:22","30071",\N,\N,\N,\N,\N,"0"
"632","Comision procesamiento","2","2015-04-27",\N,"19.25","2015-04-27 11:19:49","30072",\N,\N,\N,\N,\N,"0"
"633","Iva Tasa General","2","2015-04-27",\N,"4.04","2015-04-27 11:20:22","30073",\N,\N,\N,\N,\N,"0"
"634","Comision procesamiento","2","2015-04-27",\N,"115.52","2015-04-27 11:20:56","30074",\N,\N,\N,\N,\N,"0"
"635","Percepcion Ingresos brutos","2","2015-04-27",\N,"6.92","2015-04-27 11:21:33","30075",\N,\N,\N,\N,\N,"0"
"636","Iva Tasa General","2","2015-04-27",\N,"24.22","2015-04-27 11:22:07","30076",\N,\N,\N,\N,\N,"0"
"637","Comision movimientos otra sucursal","2","2015-04-27",\N,"127.72","2015-04-27 11:22:53","30077",\N,\N,\N,\N,\N,"0"
"638","Percepcion Ingresos brutos","2","2015-04-27",\N,"7.66","2015-04-28 12:32:37","30078",\N,\N,\N,\N,\N,"0"
"639","iva tasa general","2","2015-04-27",\N,"26.82","2015-04-27 11:24:26","30079",\N,\N,\N,\N,\N,"0"
"640","Regimen  Sircreb Z","2","2015-04-24",\N,"4807.79","2015-04-28 12:42:27","30080",\N,\N,\N,\N,\N,"0"
"641","Debito Directo","2","2015-04-27",\N,"89.38","2015-04-27 11:25:34","30375",\N,\N,\N,\N,\N,"0"
"642","Raul Negro","2","2015-04-27",\N,"2000","2015-04-27 11:25:51","0",\N,\N,\N,\N,\N,"0"
"643","Resortil","2","2015-05-07",\N,"3388","2015-05-07 08:58:29","78528321",\N,\N,\N,\N,\N,"0"
"644","IMP LEY 25413","2","2015-04-27",\N,"145.97","2015-04-28 12:36:07","30084",\N,\N,\N,\N,\N,"0"
"645","IMP LEY 25413","2","2015-04-27",\N,"199.55","2015-04-28 12:37:36","30085",\N,\N,\N,\N,\N,"0"
"646","Regimen sircreb Z","2","2015-04-27",\N,"1662.88","2015-04-28 12:46:02","30087",\N,\N,\N,\N,\N,"0"
"647","imp ley 25413","2","2015-04-28",\N,"23.41","2015-04-29 16:39:32","30089",\N,\N,\N,\N,\N,"0"
"648","pago cci cbu - 01509315102000","2","2015-04-28",\N,"539.93","2015-04-29 16:41:11","14355",\N,\N,\N,\N,\N,"0"
"649","comisi√≥n por servicio de cuenta","2","2015-04-29",\N,"420","2015-04-29 16:42:33","30090",\N,\N,\N,\N,\N,"0"
"650","percepcion ingresos brutos","2","2015-04-29",\N,"25.2","2015-04-29 16:43:37","30091",\N,\N,\N,\N,\N,"0"
"651","iva tasa gral","2","2015-04-29",\N,"88.2","2015-04-29 16:44:50","30092",\N,\N,\N,\N,\N,"0"
"652","comisi√≥n mov mensuales","2","2015-04-29",\N,"192","2015-04-29 16:45:33","30093",\N,\N,\N,\N,\N,"0"
"653","percepci√≥n ingresos brutos","2","2015-04-29",\N,"11.52","2015-04-29 16:46:17","30094",\N,\N,\N,\N,\N,"0"
"654","iva tasa general","2","2015-04-29",\N,"40.32","2015-04-29 16:46:59","30095",\N,\N,\N,\N,\N,"0"
"655","movimiento otra sucursal","2","2015-04-29",\N,"26","2015-04-29 16:47:39","30096",\N,\N,\N,\N,\N,"0"
"656","iva tasa general","2","2015-04-29",\N,"5.46","2015-04-29 16:51:21","30097",\N,\N,\N,\N,\N,"0"
"657","anticipo brazos","1","2015-04-30","45922.4",\N,"2015-04-29 18:11:29","63",\N,"53",\N,\N,\N,\N
"658","imp ley 25413","2","2015-04-29",\N,"364.05","2015-05-04 10:00:18","30105",\N,\N,\N,\N,\N,"0"
"659","imp ley 25413","2","2015-04-29",\N,"275.53","2015-05-04 10:00:37","30106",\N,\N,\N,\N,\N,"0"
"660","imp ley 25413","2","2015-04-29",\N,"167.69","2015-05-04 10:00:55","30111",\N,\N,\N,\N,\N,"0"
"661","SUELDO MORI","2","2015-04-30",\N,"14000","2015-05-04 09:37:27","31462",\N,\N,\N,"17","5","0"
"664","SUELDO MORI","2","2015-07-30",\N,"14000","2015-05-04 09:37:27","31462",\N,\N,\N,"17","2","0"
"665","SUELDO MORI","2","2015-08-30",\N,"14000","2015-05-04 09:37:27","31462",\N,\N,\N,"17","1","0"
"668","mapfre","2","2015-06-01",\N,"986.14","2015-06-01 10:00:34","4081",\N,\N,\N,"18","9","0"
"669","mapfre","2","2015-07-04",\N,"986.14","2015-05-04 10:06:59","4081",\N,\N,\N,"18","8","0"
"670","mapfre","2","2015-08-04",\N,"986.14","2015-05-04 10:06:59","4081",\N,\N,\N,"18","7","0"
"671","mapfre","2","2015-09-04",\N,"986.14","2015-05-04 10:06:59","4081",\N,\N,\N,"18","6","0"
"672","mapfre","2","2015-10-04",\N,"986.14","2015-05-04 10:06:59","4081",\N,\N,\N,"18","5","0"
"673","mapfre","2","2015-11-04",\N,"986.14","2015-05-04 10:06:59","4081",\N,\N,\N,"18","4","0"
"674","mapfre","2","2015-12-04",\N,"986.14","2015-05-04 10:06:59","4081",\N,\N,\N,"18","3","0"
"675","mapfre","2","2016-01-04",\N,"986.14","2015-05-04 10:06:59","4081",\N,\N,\N,"18","2","0"
"676","mapfre","2","2016-02-04",\N,"986.14","2015-05-04 10:06:59","4081",\N,\N,\N,"18","1","0"
"677","Mapfre","2","2015-05-04",\N,"986.14","2015-05-04 10:07:36","4081",\N,\N,\N,"19","10","0"
"679","Mapfre","2","2015-07-04",\N,"986.14","2015-05-04 10:07:36","4081",\N,\N,\N,"19","8","0"
"680","Mapfre","2","2015-08-04",\N,"986.14","2015-05-04 10:07:36","4081",\N,\N,\N,"19","7","0"
"681","Mapfre","2","2015-09-04",\N,"986.14","2015-05-04 10:07:36","4081",\N,\N,\N,"19","6","0"
"682","Mapfre","2","2015-10-04",\N,"986.14","2015-05-04 10:07:36","4081",\N,\N,\N,"19","5","0"
"683","Mapfre","2","2015-11-04",\N,"986.14","2015-05-04 10:07:36","4081",\N,\N,\N,"19","4","0"
"684","Mapfre","2","2015-12-04",\N,"986.14","2015-05-04 10:07:36","4081",\N,\N,\N,"19","3","0"
"685","Mapfre","2","2016-01-04",\N,"986.14","2015-05-04 10:07:36","4081",\N,\N,\N,"19","2","0"
"686","Mapfre","2","2016-02-04",\N,"986.14","2015-05-04 10:07:36","4081",\N,\N,\N,"19","1","0"
"689","mapfre","2","2015-07-04",\N,"986.14","2015-05-04 10:08:31","3903",\N,\N,\N,"20","8","0"
"690","mapfre","2","2015-08-04",\N,"986.14","2015-05-04 10:08:31","3903",\N,\N,\N,"20","7","0"
"691","mapfre","2","2015-09-04",\N,"986.14","2015-05-04 10:08:31","3903",\N,\N,\N,"20","6","0"
"692","mapfre","2","2015-10-04",\N,"986.14","2015-05-04 10:08:31","3903",\N,\N,\N,"20","5","0"
"693","mapfre","2","2015-11-04",\N,"986.14","2015-05-04 10:08:31","3903",\N,\N,\N,"20","4","0"
"694","mapfre","2","2015-12-04",\N,"986.14","2015-05-04 10:08:31","3903",\N,\N,\N,"20","3","0"
"695","mapfre","2","2016-01-04",\N,"986.14","2015-05-04 10:08:31","3903",\N,\N,\N,"20","2","0"
"696","mapfre","2","2016-02-04",\N,"986.14","2015-05-04 10:08:31","3903",\N,\N,\N,"20","1","0"
"698","MARTINEZ SOSA","2","2015-05-04",\N,"954","2015-05-04 11:50:25","0",\N,\N,\N,\N,\N,"0"
"699","MARIELA CACCIOTA","2","2015-05-04",\N,"6050","2015-05-04 11:51:03","0",\N,\N,\N,\N,\N,"0"
"700","DISE√ëO AVISOS","2","2015-05-04",\N,"500","2015-05-04 11:51:31","0",\N,\N,\N,\N,\N,"0"
"701","solmec","2","2015-05-04",\N,"3872","2015-05-05 16:30:39","37407",\N,\N,\N,\N,\N,"0"
"702","FC PASTORINO","1","2015-04-30","2000",\N,"2015-05-05 16:32:04","63",\N,"58",\N,\N,\N,\N
"703","poberaj","1","2015-05-04","1118.04",\N,"2015-05-05 16:32:51","11144288",\N,\N,\N,\N,\N,"0"
"704","imp ley 25413","2","2015-05-04",\N,"6.71","2015-05-05 16:33:23","30121",\N,\N,\N,\N,\N,"0"
"705","imp ley 25413","2","2015-05-04",\N,"130.08","2015-05-05 16:33:50","30122",\N,\N,\N,\N,\N,"0"
"706","pastorino","1","2015-05-05","2000",\N,"2015-05-05 16:35:09","11144288",\N,\N,\N,\N,\N,"0"
"707","procesamiento cheque","2","2015-05-05",\N,"19.25","2015-05-05 16:37:12","30125",\N,\N,\N,\N,\N,"0"
"708","iva tasa gral","2","2015-05-05",\N,"4.04","2015-05-05 16:37:46","30126",\N,\N,\N,\N,\N,"0"
"709","Mapfre Horacio","2","2015-05-05",\N,"904.1","2015-05-05 16:38:28","6637",\N,\N,\N,"21","12","0"
"710","Mapfre Horacio","2","2015-06-05",\N,"904.1","2015-06-10 09:20:32","6637",\N,\N,\N,"21","11","0"
"711","Mapfre Horacio","2","2015-07-05",\N,"904.1","2015-05-05 16:38:28","6637",\N,\N,\N,"21","10","0"
"712","Mapfre Horacio","2","2015-08-05",\N,"904.1","2015-05-05 16:38:28","6637",\N,\N,\N,"21","9","0"
"713","Mapfre Horacio","2","2015-09-05",\N,"904.1","2015-05-05 16:38:28","6637",\N,\N,\N,"21","8","0"
"714","Mapfre Horacio","2","2015-10-05",\N,"904.1","2015-05-05 16:38:28","6637",\N,\N,\N,"21","7","0"
"715","Mapfre Horacio","2","2015-11-05",\N,"904.1","2015-05-05 16:38:28","6637",\N,\N,\N,"21","6","0"
"716","Mapfre Horacio","2","2015-12-05",\N,"904.1","2015-05-05 16:38:28","6637",\N,\N,\N,"21","5","0"
"717","Mapfre Horacio","2","2016-01-05",\N,"904.1","2015-05-05 16:38:28","6637",\N,\N,\N,"21","4","0"
"718","Mapfre Horacio","2","2016-02-05",\N,"904.1","2015-05-05 16:38:28","6637",\N,\N,\N,"21","3","0"
"719","Mapfre Horacio","2","2016-03-05",\N,"904.1","2015-05-05 16:38:28","6637",\N,\N,\N,"21","2","0"
"720","Mapfre Horacio","2","2016-04-05",\N,"904.1","2015-05-05 16:38:28","6637",\N,\N,\N,"21","1","0"
"721","cablavision","2","2015-05-05",\N,"1494.36","2015-05-05 16:39:46","73785",\N,\N,\N,"22","12","0"
"722","cablavision","2","2015-06-04",\N,"1766.14","2015-06-04 10:24:14","73785",\N,\N,\N,"22","11","0"
"723","cablavision","2","2015-07-05",\N,"1494.36","2015-05-05 16:39:46","73785",\N,\N,\N,"22","10","0"
"724","cablavision","2","2015-08-05",\N,"1494.36","2015-05-05 16:39:46","73785",\N,\N,\N,"22","9","0"
"725","cablavision","2","2015-09-05",\N,"1494.36","2015-05-05 16:39:46","73785",\N,\N,\N,"22","8","0"
"726","cablavision","2","2015-10-05",\N,"1494.36","2015-05-05 16:39:46","73785",\N,\N,\N,"22","7","0"
"727","cablavision","2","2015-11-05",\N,"1494.36","2015-05-05 16:39:46","73785",\N,\N,\N,"22","6","0"
"728","cablavision","2","2015-12-05",\N,"1494.36","2015-05-05 16:39:46","73785",\N,\N,\N,"22","5","0"
"729","cablavision","2","2016-01-05",\N,"1494.36","2015-05-05 16:39:46","73785",\N,\N,\N,"22","4","0"
"730","cablavision","2","2016-02-05",\N,"1494.36","2015-05-05 16:39:46","73785",\N,\N,\N,"22","3","0"
"731","cablavision","2","2016-03-05",\N,"1494.36","2015-05-05 16:39:46","73785",\N,\N,\N,"22","2","0"
"732","cablavision","2","2016-04-05",\N,"1494.36","2015-05-05 16:39:46","73785",\N,\N,\N,"22","1","0"
"733","edesur","2","2015-05-05",\N,"902.03","2015-05-05 16:40:12","79130",\N,\N,\N,\N,\N,"0"
"734","edesur","2","2015-05-05",\N,"1268.02","2015-05-05 16:40:44","79131",\N,\N,\N,\N,\N,"0"
"735","regimen  sircreb Z","2","2015-05-04",\N,"55.9","2015-05-05 16:41:55","30131",\N,\N,\N,\N,\N,"0"
"736","ZALOZE","2","2015-06-11",\N,"2739.25","2015-06-11 08:51:22","78528323",\N,\N,\N,\N,\N,"0"
"737","COMPLEMENT","2","2015-06-04",\N,"1577.52","2015-06-04 10:03:58","78528324",\N,\N,\N,\N,\N,"0"
"738","SMALL CASTING","2","2015-06-10",\N,"12602.3","2015-06-10 09:29:07","78528325",\N,\N,\N,\N,\N,"0"
"739","GARCIA","2","2015-06-18",\N,"14578.5","2015-06-18 11:27:55","78528326",\N,\N,\N,\N,\N,"0"
"740","GARCIA","2","2015-06-23",\N,"14578.5","2015-06-23 09:45:50","78528327",\N,\N,\N,\N,\N,"0"
"741","FUNDIMIA","2","2015-06-16",\N,"14578.5","2015-06-16 16:10:55","78528328",\N,\N,\N,\N,\N,"0"
"742","CANEDA","2","2015-06-02",\N,"4083.45","2015-06-02 11:07:32","78528329",\N,\N,\N,\N,\N,"0"
"743","ANTICIPO BRAZO DE CARGA","1","2015-05-07","13736.6",\N,"2015-05-13 17:15:11","67",\N,"59",\N,\N,\N,"1"
"744","IMP LEY 25413","2","2015-05-05",\N,"12","2015-05-08 12:26:11","30133",\N,\N,\N,\N,\N,"0"
"745","IMP LEY 25413","2","2015-05-05",\N,"79.03","2015-05-08 12:26:47","30134",\N,\N,\N,\N,\N,"0"
"746","REGIMEN SIRCREB Z","2","2015-05-05",\N,"100","2015-05-08 12:27:32","30136",\N,\N,\N,\N,\N,"0"
"747","DIRECCION GRAL D 6499407","2","2015-05-06",\N,"594.71","2015-05-08 12:30:07","83729",\N,\N,\N,\N,\N,"0"
"748","PAGO DEUDA RAPIPAGO","2","2015-05-06",\N,"1145.55","2015-05-08 12:32:50","10133455",\N,\N,\N,\N,\N,"0"
"749","IMP LEY 25413","2","2015-05-06",\N,"72.71","2015-05-08 12:34:14","30140",\N,\N,\N,\N,\N,"0"
"750","VITTAL","2","2015-05-07",\N,"132.47","2015-05-08 12:35:02","46400",\N,\N,\N,\N,\N,"0"
"751","CHEQUE CAJA CHICA","2","2015-05-07",\N,"5000","2015-05-08 12:35:52","78528330",\N,\N,\N,\N,\N,"0"
"752","IMP LEY 25413","2","2015-05-07",\N,"82.42","2015-05-08 12:36:24","30145",\N,\N,\N,\N,\N,"0"
"753","IMP LEY 25413","2","2015-05-07",\N,"51.12","2015-05-08 12:37:05","30146",\N,\N,\N,\N,\N,"0"
"754","Fischetti","2","2015-05-13",\N,"522.17","2015-05-13 14:20:37","78528331",\N,\N,\N,\N,\N,"0"
"755","Laapsa","2","2015-06-15",\N,"2090.88","2015-06-19 09:45:12","78528333",\N,\N,\N,\N,\N,"0"
"756","Caja Chica","2","2015-05-13",\N,"3000","2015-05-13 14:22:53","78528332",\N,\N,\N,\N,\N,"0"
"757","CANJE DE CHEQUE","2","2015-05-11",\N,"6010","2015-05-18 15:07:48","26550",\N,\N,\N,\N,\N,"0"
"758","Comision Envio inf \"c\" 4469","2","2015-05-11",\N,"340.16","2015-05-13 17:22:40","30150",\N,\N,\N,\N,\N,"0"
"759","Imp Ley 25413","2","2015-05-11",\N,"107.1","2015-05-13 17:23:23","30152",\N,\N,\N,\N,\N,"0"
"760","Caja Chica","2","2015-05-11",\N,"3000","2015-05-13 17:24:49","78528332",\N,\N,\N,\N,\N,"0"
"761","Mexx","2","2015-05-13",\N,"3190","2015-05-18 15:05:05","49147",\N,\N,\N,\N,\N,"0"
"762","Viaticos","2","2015-05-13",\N,"1265.22","2015-05-18 15:06:01","49165",\N,\N,\N,\N,\N,"0"
"763","THERMAL","2","2015-06-17",\N,"881.36","2015-06-18 11:30:08","78528334",\N,\N,\N,\N,\N,"0"
"764","ARGENSOLD","2","2015-06-01",\N,"726.42","2015-06-02 11:27:19","78528334",\N,\N,\N,\N,\N,"0"
"765","Amex","2","2015-05-18",\N,"3768.24","2015-05-18 10:37:44","78528336",\N,\N,\N,\N,\N,"0"
"766","argensold","2","2015-06-05",\N,"4689.54","2015-05-15 11:20:07","78528337",\N,\N,\N,\N,\N,"0"
"767","rulemanes san pedrito","2","2015-06-09",\N,"5445","2015-06-10 09:24:55","78528338",\N,\N,\N,\N,\N,"0"
"768","IMP LEY 25413","2","2015-05-13",\N,"44.73","2015-05-18 15:09:43","30156",\N,\N,\N,\N,\N,"0"
"769","CHEQUE CANJE","1","2015-05-14","6010",\N,"2015-05-18 15:10:19","11210240",\N,\N,\N,\N,\N,"0"
"770","IMP LEY 25413","2","2015-05-14",\N,"36.06","2015-05-18 15:11:02","30158",\N,\N,\N,\N,\N,"0"
"771","REGIMEN SIRCREB Z","2","2015-05-14",\N,"300.5","2015-05-18 15:12:30","30159",\N,\N,\N,\N,\N,"0"
"772","IMP LEY 25413","2","2015-05-15",\N,"1.8","2015-05-18 15:13:18","30160",\N,\N,\N,\N,\N,"0"
"773","ESCOBILLONES/CABEZAL PRINTER RAUL/VIATICOS MORI","2","2015-05-18",\N,"1709","2015-05-19 09:01:40","17377",\N,\N,\N,\N,\N,"0"
"774","TELEFONICA","2","2015-05-18",\N,"1145","2015-05-18 15:16:22","15338",\N,\N,\N,\N,\N,"0"
"775","AFIP","2","2015-05-18",\N,"30746.3","2015-05-18 15:17:54","68902",\N,\N,\N,\N,\N,"0"
"776","famiq","2","2015-06-22",\N,"3714.33","2015-06-22 09:26:57","78528340",\N,\N,\N,\N,\N,"0"
"777","IMP LEY 25413","2","2015-05-18",\N,"224.21","2015-05-19 10:07:20","30165",\N,\N,\N,\N,\N,"0"
"778","","1","2015-05-19","107392",\N,"2015-05-19 20:54:40","69",\N,"67",\N,\N,\N,\N
"779","GARCIA","2","2015-06-30",\N,"14576.5","2015-07-01 15:43:18","78528342",\N,\N,\N,\N,\N,"0"
"780","COMISARIO GUARAGLIA","2","2015-06-30",\N,"5000","2015-05-20 16:53:06","78528341",\N,\N,\N,\N,\N,"0"
"781","imp ley 25413","2","2015-05-19",\N,"373.12","2015-05-21 11:03:07","30170",\N,\N,\N,\N,\N,"0"
"782","imp ley 25413","2","2015-05-19",\N,"95.83","2015-05-21 11:03:38","30171",\N,\N,\N,\N,\N,"0"
"783","regimen  sircreb z","2","2015-05-19",\N,"3109.31","2015-05-21 11:13:40","30172",\N,\N,\N,\N,\N,"0"
"784","comisi√≥n diego","2","2015-05-20",\N,"9467.76","2015-05-21 11:06:33","11422934",\N,\N,\N,\N,\N,"0"
"785","raul baul","2","2015-05-20",\N,"2000","2015-05-21 11:07:05","11422951",\N,\N,\N,\N,\N,"0"
"786","comisi√≥n manuel","2","2015-05-20",\N,"1922.87","2015-05-21 11:08:18","33139",\N,\N,\N,\N,\N,"0"
"787","solmec","2","2015-05-20",\N,"3872","2015-05-21 11:08:47","33140",\N,\N,\N,\N,\N,"0"
"788","staples","2","2015-05-20",\N,"1176.25","2015-05-21 11:09:18","33142",\N,\N,\N,\N,\N,"0"
"789","comisi√≥n mori","2","2015-05-20",\N,"9467.76","2015-05-21 11:10:49","33143",\N,\N,\N,\N,\N,"0"
"790","adelanto veron","2","2015-05-20",\N,"1500","2015-05-21 11:11:24","17072625",\N,\N,\N,\N,\N,"0"
"791","imp ley 25413","2","2015-05-20",\N,"195.11","2015-05-21 11:12:09","30180",\N,\N,\N,\N,\N,"0"
"792","imp ley 25413","2","2015-05-20",\N,"644.35","2015-05-21 11:12:56","30181",\N,\N,\N,\N,\N,"0"
"793","leveal","1","2015-05-19","30959.3",\N,"2015-05-21 11:15:26","72",\N,"63",\N,\N,\N,"0"
"794","fundicion espa√±ol","2","2015-06-22",\N,"6379.73","2015-06-22 09:26:36","78528343",\N,\N,\N,\N,\N,"0"
"795","fundici√≥n espa√±ol","2","2015-06-22",\N,"8943.11","2015-05-22 09:28:52","78528344",\N,\N,\N,\N,\N,"0"
"796","PMS","2","2015-06-24",\N,"1548.8","2015-07-01 17:44:01","78528345",\N,\N,\N,\N,\N,"0"
"797","imp ley 25413","2","2015-05-21",\N,"69","2015-05-27 09:15:22","30183",\N,\N,\N,\N,\N,"0"
"798","impr ley 25413","2","2015-05-22",\N,"71.58","2015-05-27 09:15:56","30185",\N,\N,\N,\N,\N,"0"
"799","telmex","2","2015-05-26",\N,"59.68","2015-05-27 09:17:58","32133",\N,\N,\N,\N,\N,"0"
"800","imp ley 25413","2","2015-05-26",\N,"0.36","2015-05-27 09:17:23","30187",\N,\N,\N,\N,\N,"0"
"803","imp ley 25413","2","2015-05-27",\N,"45.09","2015-06-01 10:01:22","30189",\N,\N,\N,\N,\N,"0"
"804","comisi√≥n por servicio de cuenta","2","2015-05-27",\N,"420","2015-06-01 10:02:55","30190",\N,\N,\N,\N,\N,"0"
"805","percepcion de ingresos brutos","2","2015-05-28",\N,"25.2","2015-06-01 10:03:37","30191",\N,\N,\N,\N,\N,"0"
"806","iva tasa gral","2","2015-05-28",\N,"88.2","2015-06-01 10:16:24","30192",\N,\N,\N,\N,\N,"0"
"807","comisi√≥n movimientos mensuales","2","2015-05-28",\N,"96","2015-06-01 10:17:06","30193",\N,\N,\N,\N,\N,"0"
"808","iva tasa gral","2","2015-05-28",\N,"20.16","2015-06-01 10:17:56","30194",\N,\N,\N,\N,\N,"0"
"809","imp ley 25413","2","2015-05-28",\N,"3.9","2015-06-01 10:18:28","30195",\N,\N,\N,\N,\N,"0"
"810","aysa","2","2015-05-29",\N,"345.94","2015-06-01 10:19:21","39180",\N,\N,\N,\N,\N,"0"
"811","imp ley 25413","2","2015-05-28",\N,"2.08","2015-06-01 10:19:49","30197",\N,\N,\N,\N,\N,"0"
"812","COMISION CHEQUERAS","2","2015-06-01",\N,"80","2015-06-02 11:31:47","30201",\N,\N,\N,\N,\N,"0"
"813","IVA TASA GRAL","2","2015-06-01",\N,"16.8","2015-06-02 11:32:14","30202",\N,\N,\N,\N,\N,"0"
"814","COMISION CHEQUERA","2","2015-06-01",\N,"80","2015-06-02 11:32:42","30203",\N,\N,\N,\N,\N,"0"
"815","IVA TASA GRAL","2","2015-06-01",\N,"16.8","2015-06-02 11:33:18","30204",\N,\N,\N,\N,\N,"0"
"816","CERTIFICACION DE FIRMAS","2","2015-06-01",\N,"140","2015-06-02 11:33:55","1",\N,\N,\N,\N,\N,"0"
"817","INGRESOS BRUTOS CABA","2","2015-06-01",\N,"8.4","2015-06-02 11:34:25","1",\N,\N,\N,\N,\N,"0"
"818","IVA TASA GRAL","2","2015-06-01",\N,"29.4","2015-06-02 11:34:55","1",\N,\N,\N,\N,\N,"0"
"820","CAJA CHICA","2","2015-06-01",\N,"4000","2015-06-02 11:36:05","78528349",\N,\N,\N,\N,\N,"0"
"821","IMP LEY 25413","2","2015-06-01",\N,"42.14","2015-06-02 11:36:54","30209",\N,\N,\N,\N,\N,"0"
"822","BOMECA","2","2015-07-02",\N,"10444.4","2015-06-02 11:52:02","78528350",\N,\N,\N,\N,\N,"0"
"823","famiq","2","2015-07-03",\N,"1713.57","2015-06-03 09:01:14","78528351",\N,\N,\N,\N,\N,"0"
"824","bertoto","1","2015-06-04","31254.3",\N,"2015-06-04 11:17:24","78",\N,"70",\N,\N,\N,"0"
"825","","1","2015-06-04","6400",\N,"2015-06-04 09:17:44","74",\N,"65",\N,\N,\N,\N
"826","Pastorino","1","2015-06-11","59750",\N,"2015-06-16 16:01:36","70",\N,"66",\N,\N,\N,"1"
"827","","1","2015-06-03","1727.44",\N,"2015-06-04 09:18:11","70",\N,"71",\N,\N,\N,\N
"828","sueldo veron","2","2015-06-02",\N,"13538.1","2015-06-04 11:07:13","3213311",\N,\N,\N,\N,\N,"0"
"829","imp ley 25413","2","2015-06-02",\N,"526.31","2015-06-04 09:54:10","30218",\N,\N,\N,\N,\N,"0"
"830","comision cheque procesamiento","2","2015-06-03",\N,"411.35","2015-06-04 09:55:13","30220",\N,\N,\N,\N,\N,"0"
"831","ingresos brutos","2","2015-06-03",\N,"24.68","2015-06-04 09:55:48","30221",\N,\N,\N,\N,\N,"0"
"832","iva tasa gral","2","2015-06-03",\N,"86.38","2015-06-04 09:57:24","30222",\N,\N,\N,\N,\N,"0"
"833","imp ley 25413","2","2015-06-03",\N,"3.14","2015-06-04 09:58:03","30224",\N,\N,\N,\N,\N,"0"
"834","imp ley 25413","2","2015-06-03",\N,"407.26","2015-06-04 09:59:11","30225",\N,\N,\N,\N,\N,"0"
"835","rulemanes dalman","2","2015-06-04",\N,"1536.7","2015-06-04 10:05:05","78528339",\N,\N,\N,\N,\N,"0"
"836","vittal","2","2015-06-04",\N,"136.45","2015-06-04 10:09:05","61406",\N,\N,\N,\N,\N,"0"
"837","regimen sircreb z","2","2015-06-03",\N,"3393.87","2015-06-04 10:09:39","30230",\N,\N,\N,\N,\N,"0"
"838","caneda","2","2015-06-11",\N,"1318.84","2015-06-11 08:51:43","78528352",\N,\N,\N,\N,\N,"0"
"839","JL Metales","2","2015-06-11",\N,"732.05","2015-06-11 08:53:06","78528353",\N,\N,\N,\N,\N,"0"
"840","","1","2015-06-09","30000",\N,"2015-06-10 09:15:16","79",\N,"73",\N,\N,\N,\N
"841","","1","2015-06-09","1522",\N,"2015-06-10 09:15:24","77",\N,"77",\N,\N,\N,\N
"842","imp ley 25413","2","2015-06-04",\N,"50.47","2015-06-10 09:17:29","30231",\N,\N,\N,\N,\N,"0"
"843","imp ley 25413","2","2015-06-04",\N,"187.53","2015-06-10 09:18:12","30232",\N,\N,\N,\N,\N,"0"
"844","metrogas","2","2015-06-05",\N,"66.2","2015-06-10 09:21:36","62289",\N,\N,\N,\N,\N,"0"
"845","direccion gral d","2","2015-06-05",\N,"594.71","2015-06-10 09:22:28","95246",\N,\N,\N,\N,\N,"0"
"846","imp ley 25413","2","2015-06-05",\N,"80.97","2015-06-10 09:23:04","30237",\N,\N,\N,\N,\N,"0"
"847","imp ley 25413","2","2015-06-08",\N,"27","2015-06-10 09:23:33","30239",\N,\N,\N,\N,\N,"0"
"848","comisi√≥n procesamiento cheque","2","2015-06-09",\N,"90","2015-06-10 09:25:42","30243",\N,\N,\N,\N,\N,"0"
"849","iva tasa gral","2","2015-06-09",\N,"18.9","2015-06-10 09:26:25","30244",\N,\N,\N,\N,\N,"0"
"850","imp ley 25413","2","2015-06-09",\N,"189.13","2015-06-10 09:27:09","30245",\N,\N,\N,\N,\N,"0"
"851","imp ley 25413","2","2015-06-09",\N,"33.32","2015-06-10 09:27:38","30246",\N,\N,\N,\N,\N,"0"
"852","fischetti","2","2015-06-10",\N,"522.17","2015-06-10 09:30:38","78528331",\N,\N,\N,\N,\N,"0"
"853","regimen sircreb z","2","2015-06-09",\N,"1576.1","2015-06-10 09:31:09","30249",\N,\N,\N,\N,\N,"0"
"854","Thermal","2","2015-06-29",\N,"2628.99","2015-07-01 15:41:10","78528347",\N,\N,\N,\N,\N,"0"
"855","lit aluminios","2","2015-06-28",\N,"6951.92","2015-06-10 09:33:54","78528348",\N,\N,\N,\N,\N,"0"
"858","Garcia","2","2015-07-06",\N,"13409.5","2015-06-10 09:36:30","78528354",\N,\N,\N,\N,\N,"0"
"859","Garcia","2","2015-07-15",\N,"13409.5","2015-06-10 09:37:01","78528355",\N,\N,\N,\N,\N,"0"
"860","Garcia","2","2015-07-20",\N,"13409.5","2015-06-18 11:26:07","78528356",\N,\N,\N,\N,\N,"0"
"861","PMS","2","2015-06-25",\N,"680","2015-07-01 15:27:07","78528357",\N,\N,\N,\N,\N,"0"
"862","contrapunta","2","2015-06-23",\N,"3778.54","2015-06-23 09:45:25","78528358",\N,\N,\N,\N,\N,"0"
"863","granalladora","2","2015-06-09",\N,"411.4","2015-06-10 09:39:13","78528359",\N,\N,\N,\N,\N,"0"
"865","COMISION  DDR","2","2015-06-11",\N,"11130","2015-06-16 16:16:11","0",\N,\N,\N,\N,\N,"0"
"866","COMISION TOPA","2","2015-06-11",\N,"1854.99","2015-06-11 12:06:01","0",\N,\N,\N,\N,\N,"0"
"867","COMISION MORI","2","2015-06-11",\N,"11130","2015-06-16 16:16:34","0",\N,\N,\N,\N,\N,"1"
"868","impresora 3d","2","2015-06-10",\N,"1190","2015-06-11 17:08:50","36885",\N,\N,\N,\N,\N,"0"
"869","sueldo Mori","2","2015-06-10",\N,"2500","2015-06-11 17:09:20","36907",\N,\N,\N,\N,\N,"0"
"870","Martinez Sosa","2","2015-06-10",\N,"954","2015-06-11 17:09:48","36906",\N,\N,\N,\N,\N,"0"
"871","sueldo Diego","2","2015-06-10",\N,"2500","2015-06-11 17:10:14","3113311",\N,\N,\N,\N,\N,"0"
"872","imp ley 25413","2","2015-06-10",\N,"155.01","2015-06-11 17:10:49","30225",\N,\N,\N,\N,\N,"0"
"873","Caja Chica","2","2015-06-10",\N,"4000","2015-06-11 17:11:41","78528361",\N,\N,\N,\N,\N,"0"
"874","antena","1","2015-06-11","76549.5",\N,"2015-06-16 16:14:52","73",\N,"78",\N,\N,\N,"0"
"875","TIENDA LA ROSA","2","2015-06-12",\N,"1800","2015-06-12 15:44:41","0",\N,\N,\N,\N,\N,"0"
"876","Abogado Estudio","2","2015-06-15",\N,"2400","2015-06-15 15:25:50","0",\N,\N,\N,\N,\N,"0"
"877","Honorarios  Estudio Mariela","2","2015-06-15",\N,"6050","2015-06-15 15:26:15","0",\N,\N,\N,\N,\N,"0"
"878","comisi√≥n envi√≥ info","2","2015-06-11",\N,"344","2015-06-15 16:48:13","30263",\N,\N,\N,\N,\N,"0"
"879","imp ley 25413","2","2015-06-11",\N,"175.49","2015-06-15 16:48:52","30264",\N,\N,\N,\N,\N,"0"
"880","imp ley 25413","2","2015-06-11",\N,"459.3","2015-06-15 16:50:05","30265",\N,\N,\N,\N,\N,"0"
"881","regimen sirvreb z","2","2015-06-11",\N,"3827.48","2015-06-15 16:51:14","30266",\N,\N,\N,\N,\N,"0"
"882","deposito","1","2015-06-11","40",\N,"2015-06-15 16:51:51","30267",\N,\N,\N,\N,\N,"0"
"883","imp ley 25413","2","2015-06-12",\N,"0.24","2015-06-15 17:00:37","30270",\N,\N,\N,\N,\N,"0"
"884","imp ley 25413","2","2015-06-12",\N,"53.57","2015-06-15 17:01:50","30271",\N,\N,\N,\N,\N,"0"
"885","","1","2015-05-08","12285.8",\N,"2015-06-15 17:03:37","68",\N,"68",\N,\N,\N,\N
"886","SUSS","2","2015-06-16",\N,"31422.1","2015-06-16 16:18:26","0",\N,\N,\N,"23","6","1"
"887","SUSS","2","2015-07-16",\N,"31422.1","2015-06-16 16:18:26","0",\N,\N,\N,"23","5","1"
"888","SUSS","2","2015-08-16",\N,"31422.1","2015-06-16 16:18:26","0",\N,\N,\N,"23","4","1"
"889","SUSS","2","2015-09-16",\N,"31422.1","2015-06-16 16:18:26","0",\N,\N,\N,"23","3","1"
"890","SUSS","2","2015-10-16",\N,"31422.1","2015-06-16 16:18:26","0",\N,\N,\N,"23","2","1"
"891","SUSS","2","2015-11-16",\N,"31422.1","2015-06-16 16:18:26","0",\N,\N,\N,"23","1","1"
"892","sueldo Veron","2","2015-07-03",\N,"18386.4","2015-06-30 16:02:01","0",\N,\N,\N,\N,\N,"0"
"893","MORI CON PALA","2","2015-07-03",\N,"24750","2015-06-16 16:25:10","0",\N,\N,\N,\N,\N,"0"
"894","regimen sircerb z","2","2015-06-12",\N,"2","2015-06-19 09:43:17","30274",\N,\N,\N,\N,\N,"0"
"895","multicadenas","2","2015-06-15",\N,"1240.25","2015-06-19 09:45:47","78528362",\N,\N,\N,\N,\N,"0"
"896","imp ley 25413","2","2015-06-15",\N,"73.71","2015-06-19 09:46:24","30279",\N,\N,\N,\N,\N,"0"
"897","imp ley 25413","2","2015-06-15",\N,"70.7","2015-06-19 09:46:54","30280",\N,\N,\N,\N,\N,"0"
"898","regimen sircreb z","2","2015-06-15",\N,"614.29","2015-06-19 09:47:58","30283",\N,\N,\N,\N,\N,"0"
"899","imp ley 25413","2","2015-06-16",\N,"297.68","2015-06-19 09:49:05","30285",\N,\N,\N,\N,\N,"0"
"900","caja chica","2","2015-06-17",\N,"4000","2015-06-19 09:49:55","78528368",\N,\N,\N,\N,\N,"0"
"901","imp ley 25413","2","2015-06-17",\N,"29.29","2015-06-19 09:50:38","30288",\N,\N,\N,\N,\N,"0"
"902","comision cheque","2","2015-06-18",\N,"87","2015-06-19 09:51:12","30293",\N,\N,\N,\N,\N,"0"
"903","iva tasa gral","2","2015-06-18",\N,"18.27","2015-06-19 09:51:51","30294",\N,\N,\N,\N,\N,"0"
"904","comision cheque","2","2015-06-18",\N,"19.25","2015-06-19 09:52:27","30295",\N,\N,\N,\N,\N,"0"
"905","iva tasa gral","2","2015-06-18",\N,"4.04","2015-06-19 09:52:53","30296",\N,\N,\N,\N,\N,"0"
"906","imp ley 25413","2","2015-06-18",\N,"194.45","2015-06-19 09:54:09","30297",\N,\N,\N,\N,\N,"0"
"907","imp ley 25413","2","2015-06-18",\N,"116.21","2015-06-19 09:54:46","30298",\N,\N,\N,\N,\N,"0"
"908","regimen sircreb z","2","2015-06-19",\N,"1620.4","2015-06-19 09:55:21","30300",\N,\N,\N,\N,\N,"0"
"909","dist rio","1","2015-06-18","3408",\N,"2015-06-19 09:56:41","74",\N,"76",\N,\N,\N,"0"
"910","","1","2015-06-18","29000",\N,"2015-06-19 09:56:11","74",\N,"74",\N,\N,\N,\N
"911","telmex","2","2015-06-22",\N,"38.66","2015-06-22 09:27:34","49424",\N,\N,\N,\N,\N,"0"
"912","emetec","2","2015-06-24",\N,"3760","2015-06-24 15:12:41","78528372",\N,\N,\N,\N,\N,"0"
"913","maderera","2","2015-07-01",\N,"2597.87","2015-06-22 11:31:25","78528373",\N,\N,\N,\N,\N,"0"
"914","OBRA SOCIAL JUNIO 2014","2","2015-06-23",\N,"7793.1","2015-06-23 13:59:07","0",\N,\N,\N,\N,\N,"0"
"915","viaticos Cargil Vitco Arauco Bunge","2","2015-06-24",\N,"3000","2015-06-23 18:59:23","0",\N,\N,\N,\N,\N,"0"
"916","AMEX","2","2015-06-25",\N,"4377.21","2015-07-01 15:27:39","78528376",\N,\N,\N,\N,\N,"0"
"917","","1","2015-06-24","8079.79",\N,"2015-06-24 14:57:21","83",\N,"83",\N,\N,\N,\N
"918","","1","2015-06-26","29000",\N,"2015-06-26 12:45:06","74",\N,"75",\N,\N,\N,\N
"919","sueldo Fernandez","2","2015-07-03",\N,"13819.2","2015-06-30 16:03:13","0",\N,\N,\N,\N,\N,"0"
"920","ELTA rado del bombero","2","2015-07-16",\N,"1475","2015-06-30 10:02:05","78528383",\N,\N,\N,\N,\N,"0"
"921","comision cheque","2","2015-06-25",\N,"87","2015-07-01 15:34:02","30321",\N,\N,\N,\N,\N,"0"
"922","iva tasa gral","2","2015-06-25",\N,"18.27","2015-07-01 15:34:27","30322",\N,\N,\N,\N,\N,"0"
"923","caja chica","2","2015-07-25",\N,"3000","2015-07-01 15:31:31","78528377",\N,\N,\N,\N,\N,"0"
"924","imp ley 25413","2","2015-06-25",\N,"174","2015-07-01 15:32:14","30324",\N,\N,\N,\N,\N,"0"
"925","imp  ley 25413","2","2015-06-25",\N,"48.97","2015-07-01 15:32:53","30325",\N,\N,\N,\N,\N,"0"
"926","regimen sircreb z","2","2015-06-25",\N,"1450","2015-07-01 15:34:47","30326",\N,\N,\N,\N,\N,"0"
"927","imp ley 25413","2","2015-06-26",\N,"8.7","2015-07-01 15:35:28","30327",\N,\N,\N,\N,\N,"0"
"928","comision cuenta","2","2015-07-26",\N,"420","2015-07-01 15:35:55","30328",\N,\N,\N,\N,\N,"0"
"929","ingresos brutos","2","2015-06-26",\N,"25.2","2015-07-01 15:36:30","30329",\N,\N,\N,\N,\N,"0"
"930","iva tasa gral","2","2015-06-29",\N,"88.2","2015-07-01 15:37:27","30330",\N,\N,\N,\N,\N,"0"
"931","comision mov mensuales","2","2015-06-29",\N,"200","2015-07-01 15:38:26","30331",\N,\N,\N,\N,\N,"0"
"932","iva tasa gral","2","2015-06-29",\N,"12","2015-07-01 15:39:03","30332",\N,\N,\N,\N,\N,"0"
"933","ingresos brutos caba","2","2015-06-29",\N,"42","2015-07-01 15:39:33","30333",\N,\N,\N,\N,\N,"0"
"934","control e informe bcra","2","2015-06-29",\N,"345.87","2015-07-01 15:40:17","30334",\N,\N,\N,\N,\N,"0"
"935","imp ley 25413","2","2015-06-29",\N,"22.57","2015-07-01 15:41:40","30336",\N,\N,\N,\N,\N,"0"
"936","molinos","1","2015-06-30","8663.04",\N,"2015-07-01 15:47:36","75",\N,"69",\N,\N,\N,"0"
"937","IdeaFabril","2","2015-06-19",\N,"7356.8","2015-07-01 18:15:04","78528363",\N,\N,\N,\N,\N,"0"
